종목코드,종목명,운용사,수익률,총 보수
412570,TIGER 2차전지TOP10레버리지,미래에셋자산운용,52.71,0.29
462330,KODEX 2차전지산업레버리지,삼성자산운용,49.17,0.49
415920,PLUS 글로벌희토류&전략자원생산기업,한화자산운용,33.42,0.5
243890,TIGER 200에너지화학레버리지,미래에셋자산운용,31.28,0.69
371470,TIGER 차이나바이오테크SOLACTIVE,미래에셋자산운용,26.01,0.49
364980,TIGER 2차전지TOP10,미래에셋자산운용,24.59,0.4
455860,SOL 2차전지소부장Fn,신한자산운용,24.14,0.45
305540,TIGER 2차전지테마,미래에셋자산운용,23.81,0.44
461950,KODEX 2차전지핵심소재10,삼성자산운용,23.56,0.39
305720,KODEX 2차전지산업,삼성자산운용,23.11,0.45
466810,BNK 2차전지양극재,비엔케이자산운용,22.6,0.395
462010,TIGER 2차전지소재Fn,미래에셋자산운용,21.16,0.39
0023A0,SOL 미국양자컴퓨팅TOP10,신한자산운용,19.54,0.45
475070,KoAct 글로벌친환경전력인프라액티브,삼성액티브자산운용,19.29,0.5
465330,RISE 2차전지TOP10,케이비자산운용,18.16,0.07
394670,TIGER 글로벌리튬&2차전지SOLACTIVE(합성),미래에셋자산운용,17.28,0.49
0007G0,PLUS 글로벌원자력밸류체인,한화자산운용,16.72,0.39
487230,KODEX 미국AI전력핵심인프라,삼성자산운용,16.58,0.45
117460,KODEX 에너지화학,삼성자산운용,16.57,0.45
245710,ACE 베트남VN30(합성),한국투자신탁운용,16.48,0.7
469170,ACE 포스코그룹포커스,한국투자신탁운용,16.42,0.3
117680,KODEX 철강,삼성자산운용,16.27,0.45
0051G0,SOL 미국원자력SMR,신한자산운용,16.06,0.45
422420,RISE 2차전지액티브,케이비자산운용,16.0,0.35
461910,PLUS 미국테크TOP10레버리지(합성),한화자산운용,15.82,0.5
417450,RISE 글로벌수소경제,케이비자산운용,15.45,0.4
204480,TIGER 차이나CSI300레버리지(합성),미래에셋자산운용,15.34,0.58
488200,KIWOOM K-2차전지북미공급망,키움투자자산운용,15.05,0.49
465610,ACE 미국빅테크TOP7 Plus레버리지(합성),한국투자신탁운용,14.85,0.6
473490,KIWOOM 글로벌AI반도체,키움투자자산운용,14.68,0.4
139240,TIGER 200 철강소재,미래에셋자산운용,14.64,0.34
139250,TIGER 200 에너지화학,미래에셋자산운용,14.62,0.34
419420,KODEX 미국클린에너지나스닥,삼성자산운용,14.5,0.45
456680,TIGER 차이나전기차레버리지(합성),미래에셋자산운용,14.36,0.58
491010,TIGER 글로벌AI전력인프라액티브,미래에셋자산운용,14.05,0.49
381570,HANARO Fn친환경에너지,엔에이치아문디자산운용,13.65,0.45
138910,KODEX 구리선물(H),삼성자산운용,13.63,0.68
0008E0,ACE 미국중심중소형제조업,한국투자신탁운용,13.56,0.45
306530,HANARO 코스닥150선물레버리지,엔에이치아문디자산운용,13.54,0.45
489010,PLUS 글로벌AI인프라,한화자산운용,13.5,0.45
256450,PLUS 심천차이넥스트(합성),한화자산운용,13.47,0.5
278240,RISE 코스닥150선물레버리지,케이비자산운용,13.46,0.6
233160,TIGER 코스닥150 레버리지,미래에셋자산운용,13.45,0.32
219900,ACE 중국본토CSI300레버리지(합성),한국투자신탁운용,13.36,0.5
385600,ACE 2차전지&친환경차액티브,한국투자신탁운용,13.29,0.29
486450,SOL 미국AI전력인프라,신한자산운용,13.28,0.45
413220,SOL 차이나태양광CSI(합성),신한자산운용,13.11,0.5
261070,TIGER 코스닥150바이오테크,미래에셋자산운용,13.08,0.4
428510,KODEX 차이나AI테크액티브,삼성자산운용,13.08,0.5
233740,KODEX 코스닥150레버리지,삼성자산운용,12.98,0.64
256750,KODEX 차이나심천ChiNext(합성),삼성자산운용,12.89,0.47
291630,KIWOOM 코스닥150선물레버리지,키움투자자산운용,12.67,0.09
449680,TIGER 한중전기차(합성),미래에셋자산운용,12.67,0.35
450180,KODEX 한중전기차(합성),삼성자산운용,12.36,0.25
462900,KoAct 바이오헬스케어액티브,삼성액티브자산운용,12.36,0.5
377990,TIGER Fn신재생에너지,미래에셋자산운용,12.19,0.5
138530,TIGER LG그룹+펀더멘털,미래에셋자산운용,12.16,0.15
381560,HANARO Fn전기&수소차,엔에이치아문디자산운용,12.1,0.45
0043Y0,TIMEFOLIO 차이나AI테크액티브,타임폴리오자산운용,11.9,0.8
418660,TIGER 미국나스닥100레버리지(합성),미래에셋자산운용,11.57,0.25
412560,TIGER BBIG레버리지,미래에셋자산운용,11.46,0.59
419430,KODEX 차이나2차전지MSCI(합성),삼성자산운용,11.21,0.25
364970,TIGER 바이오TOP10,미래에셋자산운용,11.18,0.4
476070,KODEX 글로벌비만치료제TOP2 Plus,삼성자산운용,11.17,0.45
491830,TIGER 미국AI반도체팹리스,미래에셋자산운용,11.11,0.49
498050,HANARO 바이오코리아액티브,엔에이치아문디자산운용,10.89,0.5
0005D0,SOL 전고체배터리&실리콘음극재,신한자산운용,10.89,0.45
266420,KODEX 헬스케어,삼성자산운용,10.88,0.09
0020H0,KoAct 글로벌양자컴퓨팅액티브,삼성액티브자산운용,10.87,0.5
394660,TIGER 글로벌자율주행&전기차SOLACTIVE,미래에셋자산운용,10.86,0.49
463050,TIMEFOLIO K바이오액티브,타임폴리오자산운용,10.82,0.8
143860,TIGER 헬스케어,미래에셋자산운용,10.8,0.4
464930,TIGER 글로벌혁신블루칩TOP10,미래에셋자산운용,10.78,0.48
466920,SOL 조선TOP3플러스,신한자산운용,10.77,0.45
0023B0,PLUS 미국양자컴퓨팅TOP10,한화자산운용,10.75,0.45
419650,PLUS 글로벌수소&차세대연료전지,한화자산운용,10.66,0.5
466950,TIGER 글로벌AI액티브,미래에셋자산운용,10.65,0.79
438320,TIGER 차이나항셍테크레버리지(합성 H),미래에셋자산운용,10.65,0.58
0000J0,PLUS 한화그룹주,한화자산운용,10.6,0.19
445150,KODEX 친환경조선해운액티브,삼성자산운용,10.53,0.5
306950,KODEX KRX300레버리지,삼성자산운용,10.52,0.64
487240,KODEX AI전력핵심설비,삼성자산운용,10.51,0.39
494670,TIGER 조선TOP10,미래에셋자산운용,10.47,0.35
446700,RISE 배터리 리사이클링,케이비자산운용,10.44,0.4
494840,TIGER 미국방산TOP10,미래에셋자산운용,10.41,0.45
354350,HANARO 글로벌럭셔리S&P(합성),엔에이치아문디자산운용,10.38,0.5
314700,HANARO 농업융복합산업,엔에이치아문디자산운용,10.38,0.5
391600,ACE 미국친환경그린테마INDXX,한국투자신탁운용,10.32,0.7
253280,RISE 헬스케어,케이비자산운용,10.3,0.4
334690,RISE 팔라듐선물(H),케이비자산운용,10.17,0.6
368680,KODEX K-뉴딜디지털플러스,삼성자산운용,10.17,0.09
368190,HANARO Fn K-뉴딜디지털플러스,엔에이치아문디자산운용,10.16,0.45
491820,HANARO 전력설비투자,엔에이치아문디자산운용,10.11,0.35
486790,HANARO 코스닥150선물레버리지1.5X,엔에이치아문디자산운용,10.06,0.25
473460,KODEX 미국서학개미,삼성자산운용,10.03,0.25
490590,RISE 미국AI밸류체인데일리고정커버드콜,케이비자산운용,9.97,0.25
253150,PLUS 200선물레버리지,한화자산운용,9.96,0.06
457990,PLUS 태양광&ESS,한화자산운용,9.95,0.45
390400,KODEX 미국스마트모빌리티S&P,삼성자산운용,9.94,0.09
152500,ACE 레버리지,한국투자신탁운용,9.94,0.3
415760,SOL 차이나육성산업액티브(합성),신한자산운용,9.74,0.55
253250,KIWOOM 200선물레버리지,키움투자자산운용,9.74,0.46
123320,TIGER 레버리지,미래에셋자산운용,9.72,0.022
122630,KODEX 레버리지,삼성자산운용,9.69,0.64
441540,HANARO Fn조선해운,엔에이치아문디자산운용,9.69,0.45
252400,RISE 200선물레버리지,케이비자산운용,9.68,0.6
385510,KODEX 신재생에너지액티브,삼성자산운용,9.6,0.5
267770,TIGER 200선물레버리지,미래에셋자산운용,9.57,0.022
498270,KIWOOM 미국양자컴퓨팅,키움투자자산운용,9.55,0.49
203780,TIGER 미국나스닥바이오,미래에셋자산운용,9.55,0.3
0047A0,TIGER 차이나테크TOP10,미래에셋자산운용,9.55,0.49
0048K0,KODEX 차이나휴머노이드로봇,삼성자산운용,9.54,0.45
491090,KODEX 미국테크TOP3플러스,삼성자산운용,9.52,0.3
304780,HANARO 200선물레버리지,엔에이치아문디자산운용,9.47,0.45
485540,KODEX 미국AI테크TOP10,삼성자산운용,9.43,0.3
440910,WON 미국우주항공방산,우리자산운용,9.42,0.35
227550,TIGER 200 산업재,미래에셋자산운용,9.28,0.4
461580,TIGER 코스닥글로벌,미래에셋자산운용,9.25,0.15
485690,RISE 미국AI밸류체인TOP3Plus,케이비자산운용,9.25,0.01
494340,ACE 글로벌AI맞춤형반도체,한국투자신탁운용,9.23,0.45
0000Z0,RISE 바이오TOP10액티브,케이비자산운용,9.16,0.5
429980,SOL 한국형글로벌전기차&2차전지액티브,신한자산운용,9.16,0.55
483340,ACE 구글밸류체인액티브,한국투자신탁운용,9.13,0.45
456600,TIMEFOLIO 글로벌AI인공지능액티브,타임폴리오자산운용,8.98,0.8
204450,KODEX 차이나H레버리지(H),삼성자산운용,8.91,0.64
200030,KODEX 미국S&P500산업재(합성),삼성자산운용,8.88,0.25
483280,KODEX 미국AI테크TOP10타겟커버드콜,삼성자산운용,8.88,0.39
461340,HANARO 글로벌생성형AI액티브,엔에이치아문디자산운용,8.84,0.6
396510,TIGER 차이나클린에너지SOLACTIVE,미래에셋자산운용,8.83,0.49
395170,KODEX Top10동일가중,삼성자산운용,8.82,0.15
497570,TIGER 미국필라델피아AI반도체나스닥,미래에셋자산운용,8.79,0.49
414780,TIGER 차이나과창판STAR50(합성),미래에셋자산운용,8.79,0.09
456250,KODEX 유럽명품TOP10 STOXX,삼성자산운용,8.76,0.45
416090,ACE 중국과창판STAR50,한국투자신탁운용,8.71,0.5
0028X0,KODEX 미국금융테크액티브,삼성자산운용,8.68,0.45
423920,TIGER 미국필라델피아반도체레버리지(합성),미래에셋자산운용,8.64,0.58
0018Z0,RISE 미국양자컴퓨팅,케이비자산운용,8.62,0.4
482030,KoAct 테크핵심소재공급망액티브,삼성액티브자산운용,8.61,0.5
0051A0,KoAct 브로드컴밸류체인액티브,삼성액티브자산운용,8.58,0.5
478150,TIMEFOLIO 글로벌우주테크&방산액티브,타임폴리오자산운용,8.56,0.8
399580,RISE 글로벌클린에너지,케이비자산운용,8.54,0.4
480310,TIGER 글로벌온디바이스AI,미래에셋자산운용,8.5,0.49
225040,TIGER 미국S&P500레버리지(합성 H),미래에셋자산운용,8.5,0.27
0001P0,마이티 바이오시밀러&CDMO액티브,디비자산운용,8.49,0.805
490090,TIGER 미국AI빅테크10,미래에셋자산운용,8.45,0.3
276990,KODEX 글로벌로봇(합성),삼성자산운용,8.43,0.3
0047R0,RISE 팔란티어고정테크100,케이비자산운용,8.39,0.2
0041D0,KODEX 미국AI소프트웨어TOP10,삼성자산운용,8.36,0.45
213610,KODEX 삼성그룹밸류,삼성자산운용,8.34,0.09
483570,KCGI 미국S&P500 TOP10,케이씨지아이자산운용,8.3,0.36
283580,KODEX 차이나CSI300,삼성자산운용,8.3,0.12
227540,TIGER 200 헬스케어,미래에셋자산운용,8.28,0.4
497520,ACE 일라이릴리밸류체인,한국투자신탁운용,8.24,0.45
309230,ACE 미국WideMoat동일가중,한국투자신탁운용,8.21,0.4
481190,SOL 미국테크TOP10,신한자산운용,8.17,0.05
108450,ACE 삼성그룹섹터가중,한국투자신탁운용,8.17,0.15
449450,PLUS K방산,한화자산운용,8.12,0.45
415340,KODEX 차이나과창판STAR50(합성),삼성자산운용,8.11,0.09
494330,ACE 라이프자산주주가치액티브,한국투자신탁운용,8.08,0.5
489860,KIWOOM 글로벌전력GRID인프라,키움투자자산운용,8.08,0.49
091180,KODEX 자동차,삼성자산운용,8.06,0.45
461450,KODEX 코스닥글로벌,삼성자산운용,8.05,0.09
168580,ACE 중국본토CSI300,한국투자신탁운용,8.05,0.7
0013P0,RISE 미국은행TOP10,케이비자산운용,8.01,0.2
381170,TIGER 미국테크TOP10 INDXX,미래에셋자산운용,7.94,0.49
371460,TIGER 차이나전기차SOLACTIVE,미래에셋자산운용,7.93,0.49
480020,ACE 미국빅테크7+데일리타겟커버드콜(합성),한국투자신탁운용,7.92,0.45
411420,KODEX 미국나스닥AI테크액티브,삼성자산운용,7.92,0.5
464310,TIGER 글로벌AI&로보틱스 INDXX,미래에셋자산운용,7.9,0.49
234310,RISE V&S셀렉트밸류,케이비자산운용,7.9,0.3
495940,RISE 미국AI테크액티브,케이비자산운용,7.9,0.5
192090,TIGER 차이나CSI300,미래에셋자산운용,7.9,0.63
459560,KODEX 테슬라밸류체인FactSet,삼성자산운용,7.89,0.18
220130,SOL 차이나강소기업CSI500(합성 H),신한자산운용,7.89,0.6
174360,RISE 중국본토대형주CSI100,케이비자산운용,7.87,0.65
404260,KODEX 기후변화솔루션,삼성자산운용,7.87,0.09
471780,TIGER 코리아테크액티브,미래에셋자산운용,7.83,0.77
373490,KODEX 코리아혁신성장액티브,삼성자산운용,7.79,0.5
0067Y0,TIGER 차이나AI소프트웨어,미래에셋자산운용,7.78,0.49
371160,TIGER 차이나항셍테크,미래에셋자산운용,7.75,0.09
0053L0,TIGER 차이나휴머노이드로봇,미래에셋자산운용,7.74,0.49
228820,TIGER KTOP30,미래에셋자산운용,7.71,0.21
245350,TIGER 유로스탁스배당30,미래에셋자산운용,7.71,0.35
409820,KODEX 미국나스닥100레버리지(합성 H),삼성자산운용,7.71,0.3
0038A0,KODEX 미국휴머노이드로봇,삼성자산운용,7.68,0.45
404540,TIGER KRX기후변화솔루션,미래에셋자산운용,7.67,0.09
372330,KODEX 차이나항셍테크,삼성자산운용,7.63,0.12
223190,KODEX 200가치저변동,삼성자산운용,7.62,0.3
404650,SOL KRX기후변화솔루션,신한자산운용,7.59,0.15
461900,PLUS 미국테크TOP10,한화자산운용,7.57,0.01
490480,SOL K방산,신한자산운용,7.57,0.45
465580,ACE 미국빅테크TOP7 Plus,한국투자신탁운용,7.56,0.3
367770,RISE 수소경제테마,케이비자산운용,7.55,0.45
229720,KODEX KTOP30,삼성자산운용,7.54,0.25
433220,에셋플러스 글로벌대장장이액티브,에셋플러스자산운용,7.45,0.99
426020,TIMEFOLIO 미국S&P500액티브,타임폴리오자산운용,7.43,0.8
463300,RISE 중국본토CSI300,케이비자산운용,7.42,0.05
185680,KODEX 미국S&P바이오(합성),삼성자산운용,7.36,0.25
486780,HANARO 200선물레버리지1.5X,엔에이치아문디자산운용,7.3,0.25
140570,RISE 수출주,케이비자산운용,7.27,0.4
474920,에셋플러스 차이나일등기업포커스10액티브,에셋플러스자산운용,7.22,0.99
102780,KODEX 삼성그룹,삼성자산운용,7.22,0.25
117690,TIGER 차이나항셍30,미래에셋자산운용,7.2,0.4
493810,TIGER 미국AI빅테크10타겟데일리커버드콜,미래에셋자산운용,7.19,0.25
0041E0,KODEX 미국S&P500액티브,삼성자산운용,7.14,0.45
489290,WON 미국빌리어네어,우리자산운용,7.14,0.49
407310,HANARO 200 TOP10,엔에이치아문디자산운용,7.12,0.15
102960,KODEX 기계장비,삼성자산운용,7.09,0.45
371150,RISE 차이나항셍테크,케이비자산운용,7.07,0.14
145850,TREX 펀더멘탈 200,유리에셋,7.07,0.34
491620,RISE 미국테크100데일리고정커버드콜,케이비자산운용,7.03,0.25
364960,TIGER BBIG,미래에셋자산운용,6.99,0.4
465670,TIGER 미국캐시카우100,미래에셋자산운용,6.96,0.25
441330,KIWOOM 차이나A50커넥트MSCI,키움투자자산운용,6.96,0.2
411540,SOL 200 Top10,신한자산운용,6.94,0.15
261140,TIGER 우선주,미래에셋자산운용,6.94,0.29
371870,ACE 차이나항셍테크,한국투자신탁운용,6.94,0.25
429010,TIGER 미국나스닥넥스트100,미래에셋자산운용,6.91,0.49
099140,KODEX 차이나H,삼성자산운용,6.9,0.12
277540,ACE 아시아TOP50S&P,한국투자신탁운용,6.86,0.7
138540,TIGER 현대차그룹+펀더멘털,미래에셋자산운용,6.85,0.15
394350,KIWOOM 글로벌퓨처모빌리티,키움투자자산운용,6.84,0.31
483320,ACE 엔비디아밸류체인액티브,한국투자신탁운용,6.82,0.45
245360,TIGER 차이나HSCEI,미래에셋자산운용,6.8,0.29
399110,SOL 미국S&P500ESG,신한자산운용,6.78,0.15
387280,TIGER 퓨처모빌리티액티브,미래에셋자산운용,6.77,0.77
304770,HANARO 코스닥150,엔에이치아문디자산운용,6.75,0.2
396520,TIGER 차이나반도체FACTSET,미래에셋자산운용,6.71,0.49
332940,HANARO MSCI Korea TR,엔에이치아문디자산운용,6.67,0.12
490330,KoAct 미국뇌질환치료제액티브,삼성액티브자산운용,6.66,0.5
310080,RISE 중국MSCI China(H),케이비자산운용,6.64,0.6
375270,RISE 글로벌데이터센터리츠(합성),케이비자산운용,6.62,0.4
474220,TIGER 미국테크TOP10타겟커버드콜,미래에셋자산운용,6.62,0.5
0015B0,KoAct 미국나스닥성장기업액티브,삼성액티브자산운용,6.61,0.5
479620,SOL 미국AI반도체칩메이커,신한자산운용,6.56,0.45
426030,TIMEFOLIO 미국나스닥100액티브,타임폴리오자산운용,6.56,0.8
0005A0,KODEX 미국S&P500데일리커버드콜OTM,삼성자산운용,6.55,0.25
266160,RISE 고배당,케이비자산운용,6.52,0.2
298770,KODEX 한국대만IT프리미어,삼성자산운용,6.52,0.55
450910,SOL 코스닥150,신한자산운용,6.5,0.15
232080,TIGER 코스닥150,미래에셋자산운용,6.49,0.19
444200,SOL 코리아메가테크액티브,신한자산운용,6.45,0.55
229200,KODEX 코스닥150,삼성자산운용,6.44,0.25
464060,HANARO 글로벌반도체TOP10 SOLACTIVE,엔에이치아문디자산운용,6.43,0.45
444490,WON 미국S&P500,우리자산운용,6.42,0.05
354500,ACE 코스닥150,한국투자신탁운용,6.4,0.02
494410,PLUS 미국S&P500성장주,한화자산운용,6.39,0.006
463680,KODEX 미국S&P500테크놀로지,삼성자산운용,6.37,0.25
301400,PLUS 코스닥150,한화자산운용,6.36,0.15
463640,KODEX 미국S&P500유틸리티,삼성자산운용,6.36,0.25
270810,RISE 코스닥150,케이비자산운용,6.35,0.18
482730,TIGER 미국S&P500타겟데일리커버드콜,미래에셋자산운용,6.35,0.25
138520,TIGER 삼성그룹펀더멘털,미래에셋자산운용,6.34,0.113
426330,KIWOOM 미국ETF산업STOXX,키움투자자산운용,6.33,0.52
453660,KODEX 미국S&P500경기소비재,삼성자산운용,6.31,0.25
429760,PLUS 미국S&P500,한화자산운용,6.29,0.07
244580,KODEX 바이오,삼성자산운용,6.27,0.45
494300,KODEX 미국나스닥100데일리커버드콜OTM,삼성자산운용,6.27,0.25
316670,KIWOOM 코스닥150,키움투자자산운용,6.27,0.15
451150,에셋플러스 글로벌영에이지액티브,에셋플러스자산운용,6.26,0.99
483420,ACE 애플밸류체인액티브,한국투자신탁운용,6.25,0.45
432840,HANARO 미국S&P500,엔에이치아문디자산운용,6.23,0.045
0004G0,1Q 미국배당TOP30,하나자산운용,6.22,0.1
360200,ACE 미국S&P500,한국투자신탁운용,6.22,0.004
379780,RISE 미국S&P500,케이비자산운용,6.21,0.004
360750,TIGER 미국S&P500,미래에셋자산운용,6.21,0.006
460660,RISE 미국S&P배당킹,케이비자산운용,6.21,0.01
477490,에셋플러스 글로벌일등기업포커스10액티브,에셋플러스자산운용,6.21,0.99
433330,SOL 미국S&P500,신한자산운용,6.2,0.05
387270,TIGER 글로벌이노베이션액티브,미래에셋자산운용,6.18,0.55
429000,TIGER 미국S&P500배당귀족,미래에셋자산운용,6.17,0.25
379800,KODEX 미국S&P500,삼성자산운용,6.17,0.006
483330,ACE 마이크로소프트밸류체인액티브,한국투자신탁운용,6.15,0.45
0040S0,HANARO 글로벌피지컬AI액티브,엔에이치아문디자산운용,6.14,0.6
497510,ACE 글로벌빅파마,한국투자신탁운용,6.12,0.3
0026S0,1Q 미국S&P500,하나자산운용,6.09,0.005
196030,ACE 일본TOPIX레버리지(H),한국투자신탁운용,6.08,0.5
483030,KIWOOM 미국블록버스터바이오테크의약품+,키움투자자산운용,6.08,0.49
486290,TIGER 미국나스닥100타겟데일리커버드콜,미래에셋자산운용,6.08,0.25
449770,KIWOOM 미국S&P500,키움투자자산운용,6.07,0.021
367380,ACE 미국나스닥100,한국투자신탁운용,6.03,0.006
278540,KODEX MSCI Korea TR,삼성자산운용,6.0,0.09
133690,TIGER 미국나스닥100,미래에셋자산운용,5.99,0.7
488500,TIGER 미국S&P500동일가중,미래에셋자산운용,5.96,0.2
476000,UNICORN 포스트IPO액티브,현대자산운용,5.96,0.5
379810,KODEX 미국나스닥100,삼성자산운용,5.96,0.006
245340,TIGER 미국다우존스30,미래에셋자산운용,5.94,0.35
368590,RISE 미국나스닥100,케이비자산운용,5.91,0.006
476030,SOL 미국나스닥100,신한자산운용,5.91,0.05
442320,RISE 글로벌원자력,케이비자산운용,5.91,0.4
390390,KODEX 미국반도체,삼성자산운용,5.9,0.09
385590,ACE ESG액티브,한국투자신탁운용,5.87,0.5
304760,HANARO KRX300,엔에이치아문디자산운용,5.87,0.05
0046Y0,ACE 미국배당퀄리티,한국투자신탁운용,5.85,0.15
0047N0,PLUS 차이나AI테크TOP10,한화자산운용,5.85,0.49
494210,SOL 미국500타겟데일리커버드콜액티브,신한자산운용,5.82,0.35
0069M0,1Q 미국나스닥100,하나자산운용,5.79,0.005
463250,TIGER K방산&우주,미래에셋자산운용,5.79,0.45
466930,SOL 자동차TOP3플러스,신한자산운용,5.74,0.45
472160,TIGER 미국테크TOP10 INDXX(H),미래에셋자산운용,5.67,0.49
0025N0,TIGER TDF2045,미래에셋자산운용,5.59,0.19
407830,에셋플러스 글로벌플랫폼액티브,에셋플러스자산운용,5.55,0.99
0021C0,ACE 장기자산배분액티브,한국투자신탁운용,5.52,0.4
375770,KODEX 탄소효율그린뉴딜,삼성자산운용,5.5,0.09
481180,SOL 미국AI소프트웨어,신한자산운용,5.49,0.45
325020,KODEX 배당가치,삼성자산운용,5.46,0.3
251350,KODEX MSCI선진국,삼성자산운용,5.45,0.3
403790,마이다스 코스피액티브,마이다스에셋,5.45,0.62
459790,KIWOOM 미국성장기업30액티브,키움투자자산운용,5.43,0.76
0060H0,TIGER 토탈월드스탁액티브,미래에셋자산운용,5.4,0.25
169950,KODEX 차이나A50,삼성자산운용,5.39,0.12
476690,TIGER 글로벌비만치료제TOP2Plus,미래에셋자산운용,5.34,0.45
292500,SOL KRX300,신한자산운용,5.34,0.05
476310,RISE 글로벌비만산업TOP2+,케이비자산운용,5.32,0.35
459750,RISE 글로벌주식분산액티브,케이비자산운용,5.31,0.2
376410,TIGER 탄소효율그린뉴딜,미래에셋자산운용,5.31,0.09
0000D0,TIGER 엔비디아미국채커버드콜밸런스(합성),미래에셋자산운용,5.3,0.39
276650,RISE 글로벌테크놀로지(합성 H),케이비자산운용,5.29,0.4
458730,TIGER 미국배당다우존스,미래에셋자산운용,5.27,0.01
310970,TIGER MSCI Korea TR,미래에셋자산운용,5.27,0.12
225050,TIGER 유로스탁스레버리지(합성 H),미래에셋자산운용,5.26,0.58
446720,SOL 미국배당다우존스,신한자산운용,5.23,0.01
448570,FOCUS AI코리아액티브,브이아이자산운용,5.22,0.455
289040,KODEX MSCI KOREA ESG유니버설,삼성자산운용,5.21,0.3
292190,KODEX KRX300,삼성자산운용,5.21,0.05
292050,RISE KRX300,케이비자산운용,5.2,0.05
475720,RISE 200위클리커버드콜,케이비자산운용,5.19,0.3
337160,KODEX 200ESG,삼성자산운용,5.18,0.09
411860,KIWOOM 독일DAX,키움투자자산운용,5.16,0.25
122090,PLUS 코스피50,한화자산운용,5.14,0.33
156080,KODEX MSCI Korea,삼성자산운용,5.14,0.09
454320,HANARO CAPEX설비투자iSelect,엔에이치아문디자산운용,5.12,0.45
433880,PLUS TDF2060액티브,한화자산운용,5.12,0.2
451060,1Q K200액티브,하나자산운용,5.11,0.18
385520,KODEX 자율주행액티브,삼성자산운용,5.09,0.5
332930,HANARO 200TR,엔에이치아문디자산운용,5.09,0.07
152100,PLUS 200,한화자산운용,5.08,0.017
278530,KODEX 200TR,삼성자산운용,5.08,0.05
0047P0,RISE 테슬라고정테크100,케이비자산운용,5.07,0.2
069500,KODEX 200,삼성자산운용,5.07,0.15
293180,HANARO 200,엔에이치아문디자산운용,5.05,0.036
250730,RISE 차이나HSCEI(H),케이비자산운용,5.05,0.021
0040X0,SOL 팔란티어미국채커버드콜혼합,신한자산운용,5.05,0.35
493420,SOL 미국배당다우존스2호,신한자산운용,5.05,0.05
480030,ACE 미국500데일리타겟커버드콜(합성),한국투자신탁운용,5.04,0.45
361580,RISE 200TR,케이비자산운용,5.04,0.012
489250,KODEX 미국배당다우존스,삼성자산운용,5.03,0.009
359210,KODEX 코스피TR,삼성자산운용,5.02,0.07
466940,TIGER 은행고배당플러스TOP10,미래에셋자산운용,5.02,0.3
402970,ACE 미국배당다우존스,한국투자신탁운용,5.02,0.01
108590,TREX 200,유리에셋,5.01,0.325
105190,ACE 200,한국투자신탁운용,5.0,0.017
375760,HANARO 탄소효율그린뉴딜,엔에이치아문디자산운용,5.0,0.2
102110,TIGER 200,미래에셋자산운용,4.98,0.05
310960,TIGER 200TR,미래에셋자산운용,4.98,0.09
472350,1Q 차이나H(H),하나자산운용,4.98,0.11
140950,파워 코스피100,교보악사자산운용,4.97,0.155
0049M0,ACE 미국배당퀄리티+커버드콜액티브,한국투자신탁운용,4.97,0.15
491220,PLUS 200TR,한화자산운용,4.96,0.01
448100,WON 200,우리자산운용,4.96,0.05
445690,BNK 주주가치액티브,비엔케이자산운용,4.96,0.495
472840,ITF 200,아이비케이자산운용,4.96,0.08
148020,RISE 200,케이비자산운용,4.96,0.017
332500,ACE 200TR,한국투자신탁운용,4.96,0.01
294400,KIWOOM 200TR,키움투자자산운용,4.95,0.012
295040,SOL 200TR,신한자산운용,4.95,0.05
152870,파워 200,교보악사자산운용,4.94,0.145
139290,TIGER 200 경기소비재,미래에셋자산운용,4.94,0.4
153270,KIWOOM 코스피100,키움투자자산운용,4.94,0.195
434960,DAISHIN343 K200,대신자산운용,4.93,0.1
159800,마이티 코스피100,디비자산운용,4.93,0.375
292160,TIGER KRX300,미래에셋자산운용,4.92,0.07
482870,HANARO 주주가치성장코리아액티브,엔에이치아문디자산운용,4.92,0.6
0036R0,RISE 미국휴머노이드로봇,케이비자산운용,4.92,0.4
237350,KODEX 코스피100,삼성자산운용,4.91,0.15
337140,KODEX 코스피대형주,삼성자산운용,4.91,0.15
277640,TIGER 코스피대형주,미래에셋자산운용,4.88,0.24
365040,TIGER AI코리아그로스액티브,미래에셋자산운용,4.87,0.4
433250,UNICORN R&D 액티브,현대자산운용,4.85,0.355
494890,KODEX 200액티브,삼성자산운용,4.84,0.15
491700,HK 200,흥국자산운용,4.78,0.05
0007N0,아이엠에셋 200,아이엠에셋자산운용,4.77,0.05
464600,SOL 자동차소부장Fn,신한자산운용,4.77,0.45
069660,KIWOOM 200,키움투자자산운용,4.76,0.05
302450,RISE 코스피,케이비자산운용,4.76,0.14
226490,KODEX 코스피,삼성자산운용,4.74,0.15
290130,RISE ESG사회책임투자,케이비자산운용,4.73,0.3
453650,KODEX 미국S&P500금융,삼성자산운용,4.73,0.25
462340,에셋플러스 글로벌다이나믹시니어액티브,에셋플러스자산운용,4.72,0.99
292730,FOCUS KRX300,브이아이자산운용,4.71,0.1
490600,RISE 미국배당100데일리고정커버드콜,케이비자산운용,4.71,0.25
227830,PLUS 코스피,한화자산운용,4.7,0.2
277630,TIGER 코스피,미래에셋자산운용,4.69,0.12
100910,KIWOOM KRX100,키움투자자산운용,4.68,0.23
471040,KoAct 글로벌AI&로봇액티브,삼성액티브자산운용,4.67,0.5
104520,KIWOOM 블루칩,키움투자자산운용,4.66,0.4
364690,KODEX 혁신기술테마액티브,삼성자산운용,4.61,0.3
287180,PLUS 미국나스닥테크,한화자산운용,4.61,0.5
105780,RISE 5대그룹주,케이비자산운용,4.58,0.4
448540,ACE 엔비디아채권혼합블룸버그,한국투자신탁운용,4.58,0.07
213630,PLUS 미국다우존스고배당주(합성 H),한화자산운용,4.54,0.4
280930,KODEX 미국러셀2000(H),삼성자산운용,4.53,0.45
144600,KODEX 은선물(H),삼성자산운용,4.53,0.68
225060,TIGER 이머징마켓MSCI레버리지(합성 H),미래에셋자산운용,4.53,0.58
483240,TIGER 미국나스닥100ETF선물,미래에셋자산운용,4.53,0.009
285690,FOCUS ESG리더스,브이아이자산운용,4.51,0.1
328370,PLUS 코스피TR,한화자산운용,4.5,0.15
484880,SOL 금융지주플러스고배당,신한자산운용,4.5,0.3
280920,PLUS 주도업종,한화자산운용,4.49,0.23
0057H0,PLUS 미국S&P500미국채혼합50액티브,한화자산운용,4.48,0.15
305050,ACE 코스피,한국투자신탁운용,4.47,0.02
0067V0,TIGER 차이나글로벌리더스TOP3+,미래에셋자산운용,4.46,0.49
475350,RISE 버크셔포트폴리오TOP10,케이비자산운용,4.44,0.01
381180,TIGER 미국필라델피아반도체나스닥,미래에셋자산운용,4.44,0.49
289250,TIGER MSCI KOREA ESG유니버설,미래에셋자산운용,4.44,0.4
371450,TIGER 글로벌클라우드컴퓨팅INDXX,미래에셋자산운용,4.44,0.49
391670,HK 베스트일레븐액티브,흥국자산운용,4.42,0.3
485810,TIMEFOLIO 글로벌안티에이징바이오액티브,타임폴리오자산운용,4.41,0.8
448330,KODEX 삼성전자채권혼합,삼성자산운용,4.39,0.07
458760,TIGER 미국배당다우존스타겟커버드콜2호,미래에셋자산운용,4.38,0.39
0065G0,KODEX 차이나테크TOP10,삼성자산운용,4.37,0.45
275290,KODEX 가치주,삼성자산운용,4.34,0.3
315960,RISE 대형고배당10TR,케이비자산운용,4.33,0.07
404120,TIMEFOLIO K신재생에너지액티브,타임폴리오자산운용,4.31,0.8
269540,PLUS 미국S&P500(H),한화자산운용,4.29,0.3
316300,ACE 싱가포르리츠,한국투자신탁운용,4.28,0.4
448290,TIGER 미국S&P500(H),미래에셋자산운용,4.27,0.07
252650,KODEX 200동일가중,삼성자산운용,4.25,0.25
352560,KODEX 미국부동산리츠(H),삼성자산운용,4.24,0.09
0052S0,1Q 미국S&P500미국채혼합50액티브,하나자산운용,4.24,0.15
435040,ACE 글로벌브랜드TOP10블룸버그,한국투자신탁운용,4.23,0.5
447620,SOL 미국TOP5채권혼합40 Solactive,신한자산운용,4.23,0.25
438740,마이다스 중소형액티브,마이다스에셋,4.23,0.62
454180,KIWOOM 차이나내수소비TOP CSI,키움투자자산운용,4.22,0.42
449180,KODEX 미국S&P500(H),삼성자산운용,4.21,0.009
412770,TIGER 글로벌AI플랫폼액티브,미래에셋자산운용,4.21,0.79
414270,ACE 글로벌자율주행액티브,한국투자신탁운용,4.19,0.29
434060,KODEX TDF2050액티브,삼성자산운용,4.19,0.3
435550,KIWOOM TDF2050액티브,키움투자자산운용,4.18,0.38
139280,TIGER 경기방어,미래에셋자산운용,4.17,0.4
0068M0,KODEX 미국S&P500버퍼6월액티브,삼성자산운용,4.16,0.39
442570,RISE TDF2050액티브,케이비자산운용,4.16,0.01
448630,RISE 삼성그룹Top3채권혼합,케이비자산운용,4.16,0.2
441640,KODEX 미국배당커버드콜액티브,삼성자산운용,4.16,0.19
458750,TIGER 미국배당다우존스타겟커버드콜1호,미래에셋자산운용,4.13,0.39
219480,KODEX 미국S&P500선물(H),삼성자산운용,4.12,0.05
0021E0,ACE TDF2050액티브,한국투자신탁운용,4.11,0.35
453330,RISE 미국S&P500(H),케이비자산운용,4.1,0.004
322410,HANARO 고배당,엔에이치아문디자산운용,4.1,0.25
373790,KIWOOM 미국방어배당성장나스닥,키움투자자산운용,4.1,0.4
275980,TIGER 글로벌4차산업혁신기술(합성 H),미래에셋자산운용,4.08,0.4
225800,KIWOOM 미국달러선물레버리지,키움투자자산운용,4.07,0.64
329670,KODEX TRF7030,삼성자산운용,4.07,0.1
261250,KODEX 미국달러선물레버리지,삼성자산운용,4.07,0.45
0008S0,TIGER 미국배당다우존스타겟데일리커버드콜,미래에셋자산운용,4.05,0.25
143850,TIGER 미국S&P500선물(H),미래에셋자산운용,4.05,0.23
483290,KODEX 미국배당다우존스타겟커버드콜,삼성자산운용,4.04,0.39
261110,TIGER 미국달러선물레버리지,미래에셋자산운용,4.04,0.05
413930,WON AI ESG액티브,우리자산운용,4.04,0.31
140580,RISE 우량업종대표주,케이비자산운용,4.04,0.4
473640,HANARO 글로벌금채굴기업,엔에이치아문디자산운용,4.03,0.45
449780,KIWOOM 미국S&P500(H),키움투자자산운용,4.03,0.04
277650,TIGER 코스피중형주,미래에셋자산운용,3.99,0.24
325010,KODEX 성장주,삼성자산운용,3.98,0.3
437370,RISE 글로벌농업경제,케이비자산운용,3.98,0.4
448300,TIGER 미국나스닥100(H),미래에셋자산운용,3.97,0.006
457480,ACE 테슬라밸류체인액티브,한국투자신탁운용,3.96,0.29
0026E0,KODEX 미국S&P500버퍼3월액티브,삼성자산운용,3.92,0.39
449190,KODEX 미국나스닥100(H),삼성자산운용,3.89,0.009
435540,KIWOOM TDF2040액티브,키움투자자산운용,3.89,0.34
281990,RISE 중소형고배당,케이비자산운용,3.89,0.3
433870,PLUS TDF2050액티브,한화자산운용,3.85,0.18
411050,ACE 글로벌메타버스테크액티브,한국투자신탁운용,3.84,0.5
161510,PLUS 고배당주,한화자산운용,3.83,0.23
0052D0,TIGER 코리아배당다우존스,미래에셋자산운용,3.82,0.25
423170,SOL 한국형글로벌반도체액티브,신한자산운용,3.82,0.55
315930,KODEX Top5PlusTR,삼성자산운용,3.8,0.15
453950,TIGER TSMC파운드리밸류체인,미래에셋자산운용,3.79,0.49
091170,KODEX 은행,삼성자산운용,3.78,0.3
218420,KODEX 미국S&P500에너지(합성),삼성자산운용,3.78,0.25
494420,PLUS 미국배당증가성장주데일리커버드콜,한화자산운용,3.77,0.39
428560,KODEX 미국ETF산업Top10 Indxx,삼성자산운용,3.77,0.5
091220,TIGER 은행,미래에셋자산운용,3.77,0.46
453080,KIWOOM 미국나스닥100(H),키움투자자산운용,3.77,0.04
495750,HANARO 코리아밸류업,엔에이치아문디자산운용,3.76,0.03
181480,ACE 미국부동산리츠(합성 H),한국투자신탁운용,3.76,0.3
248270,TIGER S&P글로벌헬스케어(합성),미래에셋자산운용,3.75,0.4
304940,KODEX 미국나스닥100선물(H),삼성자산운용,3.75,0.05
452440,VITA 밸류알파액티브,한국투자밸류자산운용,3.73,0.6
279530,KODEX 고배당주,삼성자산운용,3.73,0.3
463690,KODEX 미국S&P500커뮤니케이션,삼성자산운용,3.71,0.25
472150,TIGER 배당커버드콜액티브,미래에셋자산운용,3.71,0.5
433980,KODEX TDF2040액티브,삼성자산운용,3.7,0.25
442090,에셋플러스 코리아대장장이액티브,에셋플러스자산운용,3.69,0.975
252000,TIGER 200동일가중,미래에셋자산운용,3.66,0.21
189400,PLUS 글로벌MSCI(합성 H),한화자산운용,3.64,0.4
0019K0,TIMEFOLIO 미국나스닥100채권혼합50액티브,타임폴리오자산운용,3.63,0.25
131890,ACE 삼성그룹동일가중,한국투자신탁운용,3.62,0.15
226980,KODEX 200 중소형,삼성자산운용,3.6,0.3
496770,PLUS 글로벌방산,한화자산운용,3.58,0.45
442560,RISE TDF2040액티브,케이비자산운용,3.57,0.01
442260,마이티 다이나믹퀀트액티브,디비자산운용,3.56,0.295
447430,ACE 주주환원가치주액티브,한국투자신탁운용,3.56,0.7
395760,PLUS ESG성장주액티브,한화자산운용,3.55,0.105
441680,TIGER 미국나스닥100커버드콜(합성),미래에셋자산운용,3.54,0.37
417630,TIGER KEDI혁신기업ESG30,미래에셋자산운용,3.53,0.5
445910,TIGER MKF배당귀족,미래에셋자산운용,3.49,0.2
499150,SOL 미국S&P500엔화노출(H),신한자산운용,3.48,0.15
491510,파워 K-주주가치액티브,교보악사자산운용,3.47,0.405
469060,RISE 미국반도체NYSE,케이비자산운용,3.47,0.01
227570,TIGER 우량가치,미래에셋자산운용,3.46,0.35
0022T0,SOL 국제금커버드콜액티브,신한자산운용,3.43,0.45
487950,KODEX 대만테크고배당다우존스,삼성자산운용,3.43,0.45
241390,RISE V&S셀렉트밸류채권혼합,케이비자산운용,3.42,0.23
0005C0,RISE 미국S&P500엔화노출(합성 H),케이비자산운용,3.4,0.1
269420,KODEX S&P글로벌인프라(합성),삼성자산운용,3.38,0.26
276000,TIGER 글로벌자원생산기업(합성 H),미래에셋자산운용,3.37,0.4
0015K0,TIGER 미국소비트렌드액티브,미래에셋자산운용,3.34,0.79
291890,KODEX MSCI EM선물(H),삼성자산운용,3.34,0.45
438100,ACE 미국나스닥100채권혼합액티브,한국투자신탁운용,3.33,0.15
489030,PLUS 고배당주위클리커버드콜,한화자산운용,3.32,0.3
453640,KODEX 미국S&P500헬스케어,삼성자산운용,3.3,0.25
438080,ACE 미국S&P500채권혼합액티브,한국투자신탁운용,3.3,0.15
486240,DAISHIN343 AI반도체&인프라액티브,대신자산운용,3.28,0.36
452360,SOL 미국배당다우존스(H),신한자산운용,3.28,0.05
495040,PLUS 코리아밸류업,한화자산운용,3.26,0.009
446770,ACE 글로벌반도체TOP4 Plus SOLACTIVE,한국투자신탁운용,3.26,0.45
292150,TIGER TOP10,미래에셋자산운용,3.25,0.15
337120,KODEX 멀티팩터,삼성자산운용,3.24,0.3
326240,RISE IT플러스,케이비자산운용,3.24,0.4
352540,KODEX 일본부동산리츠(H),삼성자산운용,3.24,0.3
367760,RISE 5G테크,케이비자산운용,3.19,0.45
424460,HANARO 글로벌워터MSCI(합성),엔에이치아문디자산운용,3.19,0.5
183710,RISE 주식혼합,케이비자산운용,3.19,0.25
495550,SOL 코리아밸류업TR,신한자산운용,3.16,0.05
475300,SOL 반도체전공정,신한자산운용,3.1,0.45
495330,1Q 코리아밸류업,하나자산운용,3.07,0.02
0049K0,ACE 미국배당퀄리티채권혼합50,한국투자신탁운용,3.07,0.15
280320,ACE 미국IT인터넷S&P(합성 H),한국투자신탁운용,3.06,0.5
440340,TIGER 글로벌멀티에셋TIF액티브,미래에셋자산운용,3.05,0.55
496090,KIWOOM 코리아밸류업,키움투자자산운용,3.05,0.009
329660,KODEX TRF5050,삼성자산운용,3.05,0.17
464610,SOL 의료기기소부장Fn,신한자산운용,3.04,0.45
270800,RISE KQ고배당,케이비자산운용,3.04,0.3
453630,KODEX 미국S&P500필수소비재,삼성자산운용,3.04,0.25
460960,ACE 글로벌인컴TOP10 SOLACTIVE,한국투자신탁운용,3.03,0.24
498400,KODEX 200타겟위클리커버드콜,삼성자산운용,3.01,0.39
435530,KIWOOM TDF2030액티브,키움투자자산운용,3.0,0.3
147970,TIGER 모멘텀,미래에셋자산운용,2.98,0.23
244620,KODEX 모멘텀Plus,삼성자산운용,2.97,0.3
395750,PLUS ESG가치주액티브,한화자산운용,2.96,0.105
472170,TIGER 미국테크TOP10채권혼합,미래에셋자산운용,2.95,0.25
0021D0,ACE TDF2030액티브,한국투자신탁운용,2.9,0.3
354240,RISE 미국고정배당우선증권,케이비자산운용,2.88,0.5
495850,KODEX 코리아밸류업,삼성자산운용,2.87,0.008
195930,TIGER 유로스탁스50(합성 H),미래에셋자산운용,2.86,0.24
487130,KoAct AI인프라액티브,삼성액티브자산운용,2.86,0.5
496080,TIGER 코리아밸류업,미래에셋자산운용,2.86,0.008
475380,RISE 글로벌리얼티인컴,케이비자산운용,2.81,0.01
0064K0,KODEX 금액티브,삼성자산운용,2.8,0.3
0036D0,TIMEFOLIO 미국배당다우존스액티브,타임폴리오자산운용,2.76,0.8
498410,KODEX 금융고배당TOP10타겟위클리커버드콜,삼성자산운용,2.75,0.39
253290,RISE 헬스케어채권혼합,케이비자산운용,2.74,0.35
0066W0,SOL 국제금,신한자산운용,2.74,0.3
480040,ACE 미국반도체데일리타겟커버드콜(합성),한국투자신탁운용,2.73,0.45
139230,TIGER 200 중공업,미래에셋자산운용,2.73,0.34
314250,KODEX 미국빅테크10(H),삼성자산운용,2.7,0.45
275280,KODEX 모멘텀주,삼성자산운용,2.7,0.3
447660,PLUS 애플채권혼합,한화자산운용,2.69,0.25
450190,KODEX 한중반도체(합성),삼성자산운용,2.68,0.25
496130,TRUSTON 코리아밸류업액티브,트러스톤자산운용,2.66,0.785
210780,TIGER 코스피고배당,미래에셋자산운용,2.64,0.24
174350,TIGER 로우볼,미래에셋자산운용,2.63,0.4
496120,ACE 코리아밸류업,한국투자신탁운용,2.62,0.09
284430,KODEX 200미국채혼합,삼성자산운용,2.62,0.35
276970,KODEX 미국S&P500배당귀족커버드콜(합성 H),삼성자산운용,2.61,0.3
379790,RISE 유로스탁스50(H),케이비자산운용,2.6,0.021
494180,TIMEFOLIO 글로벌소비트렌드액티브,타임폴리오자산운용,2.59,0.8
256440,ACE 인도네시아MSCI(합성),한국투자신탁운용,2.58,0.7
0072R0,TIGER KRX금현물,미래에셋자산운용,2.57,0.15
460280,KIWOOM Fn유전자혁신기술,키움투자자산운용,2.56,0.4
307520,TIGER 지주회사,미래에셋자산운용,2.56,0.5
411060,ACE KRX금현물,한국투자신탁운용,2.56,0.19
474800,KIWOOM 미국원유에너지기업,키움투자자산운용,2.56,0.29
487750,BNK 온디바이스AI,비엔케이자산운용,2.56,0.395
433970,KODEX TDF2030액티브,삼성자산운용,2.55,0.2
400590,SOL 글로벌탄소배출권선물ICE(합성),신한자산운용,2.55,0.55
166400,TIGER 200커버드콜OTM,미래에셋자산운용,2.55,0.38
105010,TIGER 라틴35,미래에셋자산운용,2.54,0.49
195920,TIGER 일본TOPIX(합성 H),미래에셋자산운용,2.52,0.24
101280,KODEX 일본TOPIX100,삼성자산운용,2.5,0.19
449690,TIGER 한중반도체(합성),미래에셋자산운용,2.47,0.35
442550,RISE TDF2030액티브,케이비자산운용,2.45,0.01
337150,KODEX 200exTOP,삼성자산운용,2.42,0.3
130680,TIGER 원유선물Enhanced(H),미래에셋자산운용,2.42,0.69
401590,HANARO 글로벌탄소배출권선물ICE(합성),엔에이치아문디자산운용,2.4,0.5
0040Y0,SOL 팔란티어커버드콜OTM채권혼합,신한자산운용,2.39,0.35
269530,PLUS S&P글로벌인프라,한화자산운용,2.39,0.3
266410,KODEX 필수소비재,삼성자산운용,2.37,0.45
473590,ACE 미국주식베스트셀러,한국투자신탁운용,2.37,0.3
195980,PLUS 신흥국MSCI(합성 H),한화자산운용,2.37,0.5
490490,SOL 미국배당미국채혼합50,신한자산운용,2.36,0.15
461490,RISE 글로벌자산배분액티브,케이비자산운용,2.35,0.01
244660,KODEX 퀄리티Plus,삼성자산운용,2.33,0.3
192720,파워 고배당저변동성,교보악사자산운용,2.33,0.23
291130,ACE 멕시코MSCI(합성),한국투자신탁운용,2.32,0.5
140710,KODEX 운송,삼성자산운용,2.32,0.45
475310,SOL 반도체후공정,신한자산운용,2.3,0.45
238720,ACE 일본Nikkei225(H),한국투자신탁운용,2.29,0.3
279540,KODEX 최소변동성,삼성자산운용,2.29,0.3
275300,KODEX 우량주,삼성자산운용,2.29,0.3
468380,KODEX iShares미국하이일드액티브,삼성자산운용,2.29,0.15
395160,KODEX AI반도체,삼성자산운용,2.27,0.45
195970,PLUS 선진국MSCI(합성 H),한화자산운용,2.27,0.5
456200,PLUS 미국달러SOFR금리액티브(합성),한화자산운용,2.23,0.09
495050,RISE 코리아밸류업,케이비자산운용,2.2,0.008
457930,BNK 미래전략기술액티브,비엔케이자산운용,2.19,0.495
329750,TIGER 미국달러단기채권액티브,미래에셋자산운용,2.18,0.3
0048J0,KODEX 미국머니마켓액티브,삼성자산운용,2.17,0.05
251590,PLUS 고배당저변동50,한화자산운용,2.17,0.23
460270,KIWOOM 미국달러SOFR금리액티브(합성),키움투자자산운용,2.17,0.05
456880,ACE 미국달러SOFR금리(합성),한국투자신탁운용,2.15,0.05
433860,PLUS TDF2040액티브,한화자산운용,2.12,0.16
468370,KODEX iShares미국인플레이션국채액티브,삼성자산운용,2.11,0.1
329650,KODEX TRF3070,삼성자산운용,2.08,0.24
456610,TIGER 미국달러SOFR금리액티브(합성),미래에셋자산운용,2.08,0.05
269370,TIGER S&P글로벌인프라(합성),미래에셋자산운용,2.07,0.4
332610,PLUS 미국단기회사채(AAA~A),한화자산운용,2.07,0.315
261220,KODEX WTI원유선물(H),삼성자산운용,2.07,0.35
261240,KODEX 미국달러선물,삼성자산운용,2.06,0.25
467620,KIWOOM 25-09 미국채권(AA-이상)액티브,키움투자자산운용,2.02,0.29
182480,TIGER 미국MSCI리츠(합성 H),미래에셋자산운용,2.0,0.24
0018C0,PLUS 고배당주위클리고정커버드콜,한화자산운용,1.98,0.3
455960,RISE 미국달러SOFR금리액티브(합성),케이비자산운용,1.98,0.05
307510,TIGER 의료기기,미래에셋자산운용,1.97,0.5
367740,HANARO Fn5G산업,엔에이치아문디자산운용,1.97,0.45
455030,KODEX 미국달러SOFR금리액티브(합성),삼성자산운용,1.97,0.15
284980,RISE 200금융,케이비자산운용,1.95,0.19
437350,RISE 미국단기투자등급회사채액티브,케이비자산운용,1.95,0.1
225130,ACE 골드선물 레버리지(합성 H),한국투자신탁운용,1.92,0.49
0046A0,TIGER 미국초단기(3개월이하)국채,미래에셋자산운용,1.91,0.09
138230,KIWOOM 미국달러선물,키움투자자산운용,1.91,0.37
227560,TIGER 200 생활소비재,미래에셋자산운용,1.89,0.4
495230,KoAct 코리아밸류업액티브,삼성액티브자산운용,1.89,0.5
104530,KIWOOM 고배당,키움투자자산운용,1.88,0.19
437070,KODEX 아시아달러채권ESG플러스액티브,삼성자산운용,1.83,0.18
304670,KODEX 미국30년국채울트라선물인버스(H),삼성자산운용,1.81,0.3
266390,KODEX 경기소비재,삼성자산운용,1.81,0.45
472720,TRUSTON 주주가치액티브,트러스톤자산운용,1.8,0.785
332620,PLUS 미국장기우량회사채,한화자산운용,1.8,0.315
468630,KODEX iShares미국투자등급회사채액티브,삼성자산운용,1.78,0.1
434730,HANARO 원자력iSelect,엔에이치아문디자산운용,1.78,0.45
435420,TIGER 미국나스닥100채권혼합Fn,미래에셋자산운용,1.76,0.25
440650,ACE 미국달러단기채권액티브,한국투자신탁운용,1.72,0.3
360150,KODEX 코스닥150롱코스피200숏선물,삼성자산운용,1.72,0.64
241180,TIGER 일본니케이225,미래에셋자산운용,1.71,0.29
326230,RISE 내수주플러스,케이비자산운용,1.67,0.4
395270,HANARO Fn K-반도체,엔에이치아문디자산운용,1.65,0.45
140700,KODEX 보험,삼성자산운용,1.61,0.45
469050,RISE 미국반도체NYSE(H),케이비자산운용,1.6,0.01
183700,RISE 채권혼합,케이비자산운용,1.51,0.2
421320,PLUS 우주항공&UAM,한화자산운용,1.48,0.45
498860,RISE 코리아금융고배당,케이비자산운용,1.47,0.1
139310,TIGER 금속선물(H),미래에셋자산운용,1.47,0.69
497780,KoAct 미국천연가스인프라액티브,삼성액티브자산운용,1.45,0.5
266370,KODEX IT,삼성자산운용,1.44,0.45
476850,KoAct 배당성장액티브,삼성액티브자산운용,1.41,0.5
400580,SOL 유럽탄소배출권선물S&P(H),신한자산운용,1.41,0.55
289480,TIGER 200커버드콜,미래에셋자산운용,1.4,0.38
237440,TIGER 경기방어채권혼합,미래에셋자산운용,1.37,0.18
139270,TIGER 200 금융,미래에셋자산운용,1.36,0.4
474590,WON 반도체밸류체인액티브,우리자산운용,1.35,0.31
455850,SOL AI반도체소부장,신한자산운용,1.28,0.45
475080,KODEX 테슬라커버드콜채권혼합액티브,삼성자산운용,1.27,0.39
488290,마이다스 일본테크액티브,마이다스에셋,1.25,0.65
150460,TIGER 중국소비테마,미래에셋자산운용,1.23,0.5
385720,TIMEFOLIO 코스피액티브,타임폴리오자산운용,1.21,0.8
319640,TIGER 골드선물(H),미래에셋자산운용,1.21,0.39
400570,KODEX 유럽탄소배출권선물ICE(H),삼성자산운용,1.19,0.64
267450,RISE 미국장기국채선물인버스(H),케이비자산운용,1.18,0.4
244670,KODEX 밸류Plus,삼성자산운용,1.16,0.3
473330,SOL 미국30년국채커버드콜(합성),신한자산운용,1.14,0.25
132030,KODEX 골드선물(H),삼성자산운용,1.08,0.68
0015E0,KIWOOM 엔비디아미국30년국채혼합액티브(H),키움투자자산운용,1.07,0.19
211900,KODEX 배당성장,삼성자산운용,1.05,0.15
0050E0,PLUS 미국AI에이전트,한화자산운용,1.04,0.45
308620,KODEX 미국10년국채선물,삼성자산운용,1.04,0.09
487910,ACE 인도컨슈머파워액티브,한국투자신탁운용,1.04,0.45
388420,RISE 비메모리반도체액티브,케이비자산운용,1.03,0.5
139320,TIGER 금은선물(H),미래에셋자산운용,1.02,0.69
305080,TIGER 미국채10년선물,미래에셋자산운용,0.98,0.25
289260,TIGER MSCI KOREA ESG리더스,미래에셋자산운용,0.95,0.4
182490,TIGER 단기선진하이일드(합성 H),미래에셋자산운용,0.93,0.24
0036Z0,RISE 미국천연가스밸류체인,케이비자산운용,0.9,0.4
479850,HANARO K-뷰티,엔에이치아문디자산운용,0.88,0.45
464920,PLUS 일본반도체소부장,한화자산운용,0.82,0.5
295020,RISE 국채선물10년인버스,케이비자산운용,0.75,0.07
219390,RISE 미국S&P원유생산기업(합성 H),케이비자산운용,0.7,0.25
211560,TIGER 배당성장,미래에셋자산운용,0.69,0.115
472830,RISE 미국30년국채커버드콜(합성),케이비자산운용,0.69,0.25
251600,PLUS 고배당주채권혼합,한화자산운용,0.65,0.2
438900,HANARO Fn K-푸드,엔에이치아문디자산운용,0.61,0.45
455660,ACE 미국하이일드액티브(H),한국투자신탁운용,0.61,0.24
266550,PLUS 중형주저변동50,한화자산운용,0.61,0.23
176950,KODEX 국채선물10년인버스,삼성자산운용,0.56,0.07
238670,PLUS 스마트베타Quality채권혼합,한화자산운용,0.55,0.2
479730,TIGER 인도빌리언컨슈머,미래에셋자산운용,0.55,0.49
449580,RISE 테슬라애플아마존채권혼합,케이비자산운용,0.54,0.24
488480,RISE 일본섹터TOP4Plus,케이비자산운용,0.53,0.3
0035T0,PLUS 글로벌휴머노이드로봇액티브,한화자산운용,0.47,0.45
215620,HK S&P코리아로우볼,흥국자산운용,0.35,0.4
321410,KODEX 멀티에셋하이인컴(H),삼성자산운용,0.34,0.25
480260,TIGER 27-04회사채(A+이상)액티브,미래에셋자산운용,0.34,0.1
261060,TIGER 코스닥150IT,미래에셋자산운용,0.33,0.4
438330,TIGER 우량회사채액티브,미래에셋자산운용,0.33,0.1
336160,RISE 금융채액티브,케이비자산운용,0.32,0.07
136340,RISE 중기우량회사채,케이비자산운용,0.32,0.07
0016X0,SOL 중단기회사채(A-이상)액티브,신한자산운용,0.31,0.05
0000Y0,HK 26-12 회사채(AA-이상)액티브,흥국자산운용,0.3,0.065
0001S0,TIGER 26-04 회사채(A+이상)액티브,미래에셋자산운용,0.3,0.1
488980,SOL 26-12 회사채(AA-이상)액티브,신한자산운용,0.3,0.05
0007F0,KODEX 27-12 회사채(AA-이상)액티브,삼성자산운용,0.29,0.09
473290,KODEX 26-12 회사채(AA-이상)액티브,삼성자산운용,0.28,0.09
439860,KODEX ESG종합채권(A-이상)액티브,삼성자산운용,0.27,0.07
492500,1Q 현대차그룹채권(A+이상)&국고통안,하나자산운용,0.26,0.1
278620,PLUS 단기채권액티브,한화자산운용,0.26,0.07
298340,PLUS 국채선물3년,한화자산운용,0.25,0.1
465780,마이티 26-09 특수채(AAA)액티브,디비자산운용,0.25,0.06
282000,RISE 국고채3년선물인버스,케이비자산운용,0.25,0.07
489570,HANARO 25-12 은행채(AA+이상)액티브,엔에이치아문디자산운용,0.24,0.02
122260,KIWOOM 통안채1년,키움투자자산운용,0.24,0.05
475260,ACE 2월만기자동연장회사채AA-이상액티브,한국투자신탁운용,0.24,0.05
476810,KODEX 25-11 은행채(AA-이상)PLUS액티브,삼성자산운용,0.24,0.09
329200,TIGER 리츠부동산인프라,미래에셋자산운용,0.24,0.08
491230,PLUS 국공채머니마켓액티브,한화자산운용,0.23,0.05
419890,KIWOOM 단기채권ESG액티브,키움투자자산운용,0.23,0.15
385550,RISE 단기채권알파액티브,케이비자산운용,0.23,0.05
397420,RISE 국채선물5년추종,케이비자산운용,0.23,0.07
440640,ACE 단기채권알파액티브,한국투자신탁운용,0.23,0.15
497880,SOL CD금리&머니마켓액티브,신한자산운용,0.23,0.05
468820,WON 25-09 회사채(AA-이상)액티브,우리자산운용,0.23,0.05
453540,TIGER 25-10 회사채(A+이상)액티브,미래에셋자산운용,0.23,0.1
461270,ACE 26-06 회사채(AA-이상)액티브,한국투자신탁운용,0.23,0.05
469830,SOL 초단기채권액티브,신한자산운용,0.23,0.05
487340,ACE 머니마켓액티브,한국투자신탁운용,0.22,0.05
496020,WON 전단채플러스액티브,우리자산운용,0.22,0.05
477050,PLUS 머니마켓액티브,한화자산운용,0.22,0.05
488770,KODEX 머니마켓액티브,삼성자산운용,0.22,0.05
239660,PLUS 우량회사채50,한화자산운용,0.22,0.135
0043B0,TIGER 머니마켓액티브,미래에셋자산운용,0.21,0.04
458030,WON 단기국공채액티브,우리자산운용,0.21,0.065
455890,RISE 머니마켓액티브,케이비자산운용,0.21,0.05
190620,ACE 단기통안채,한국투자신탁운용,0.21,0.07
462540,SOL 25-09 회사채(AA-이상)액티브,신한자산운용,0.21,0.05
475630,TIGER CD1년금리액티브(합성),미래에셋자산운용,0.21,0.009
479080,1Q 머니마켓액티브,하나자산운용,0.21,0.05
0061Z0,RISE 단기특수은행채액티브,케이비자산운용,0.21,0.01
464240,KIWOOM 26-09회사채(AA-이상)액티브,키움투자자산운용,0.21,0.07
494900,TIGER 25-12 금융채(AA-이상),미래에셋자산운용,0.2,0.1
491080,KODEX 25-12 은행채(AAA)액티브,삼성자산운용,0.2,0.05
499660,TIGER CD금리플러스액티브(합성),미래에셋자산운용,0.2,0.009
481050,KODEX CD1년금리플러스액티브(합성),삼성자산운용,0.2,0.05
153130,KODEX 단기채권,삼성자산운용,0.2,0.15
451540,TIGER 종합채권(AA-이상)액티브,미래에셋자산운용,0.2,0.03
449170,TIGER KOFR금리액티브(합성),미래에셋자산운용,0.2,0.03
464470,PLUS 미국채30년액티브,한화자산운용,0.2,0.15
214980,KODEX 단기채권PLUS,삼성자산운용,0.2,0.15
463290,1Q 단기금융채액티브,하나자산운용,0.2,0.08
423160,KODEX KOFR금리액티브(합성),삼성자산운용,0.2,0.05
272560,RISE 단기국공채액티브,케이비자산운용,0.2,0.07
432600,RISE 국채선물3년,케이비자산운용,0.2,0.07
479520,RISE KOFR금리액티브(합성),케이비자산운용,0.2,0.02
272570,RISE 중장기국공채액티브,케이비자산운용,0.2,0.07
459580,KODEX CD금리액티브(합성),삼성자산운용,0.2,0.02
357870,TIGER CD금리투자KIS(합성),미래에셋자산운용,0.2,0.03
453010,PLUS KOFR금리,한화자산운용,0.19,0.05
453060,HANARO KOFR금리액티브(합성),엔에이치아문디자산운용,0.19,0.05
130730,KIWOOM 단기자금,키움투자자산운용,0.19,0.05
484890,SOL 머니마켓액티브,신한자산운용,0.19,0.05
486830,HANARO 머니마켓액티브,엔에이치아문디자산운용,0.19,0.04
466400,1Q 25-08 회사채(A+이상)액티브,하나자산운용,0.19,0.1
477080,RISE CD금리액티브(합성),케이비자산운용,0.19,0.02
476450,KIWOOM 머니마켓액티브,키움투자자산운용,0.19,0.05
448600,RISE 25-11 회사채(AA-이상)액티브,케이비자산운용,0.19,0.07
491610,1Q CD금리액티브(합성),하나자산운용,0.19,0.02
475280,ACE 8월만기자동연장회사채AA-이상액티브,한국투자신탁운용,0.19,0.05
114470,KIWOOM 국고채3년,키움투자자산운용,0.19,0.05
473440,ACE 11월만기자동연장회사채AA-이상액티브,한국투자신탁운용,0.19,0.05
489870,KIWOOM 25-09 회사채(AA-이상)액티브,키움투자자산운용,0.18,0.05
363510,SOL KIS단기통안채,신한자산운용,0.18,0.07
0052T0,1Q 중단기회사채(A-이상)액티브,하나자산운용,0.18,0.05
273140,KODEX 단기변동금리부채권액티브,삼성자산운용,0.18,0.15
114460,ACE 국고채3년,한국투자신탁운용,0.18,0.15
458210,KIWOOM CD금리액티브(합성),키움투자자산운용,0.18,0.03
157450,TIGER 단기통안채,미래에셋자산운용,0.17,0.07
272580,TIGER 단기채권액티브,미래에셋자산운용,0.17,0.06
0013R0,RISE 테슬라미국채타겟커버드콜혼합(합성),케이비자산운용,0.17,0.25
196230,RISE 단기통안채,케이비자산운용,0.17,0.13
114100,RISE 국고채3년,케이비자산운용,0.17,0.115
495710,BNK 26-06 특수채(AAA이상)액티브,비엔케이자산운용,0.17,0.1
495060,TIMEFOLIO 코리아밸류업액티브,타임폴리오자산운용,0.16,0.8
292770,KODEX 국채선물3년인버스,삼성자산운용,0.16,0.07
114260,KODEX 국고채3년,삼성자산운용,0.15,0.15
436140,SOL 종합채권(AA-이상)액티브,신한자산운용,0.15,0.04
488720,WON 종합채권(AA-이상)액티브,우리자산운용,0.14,0.045
475270,ACE 5월만기자동연장회사채AA-이상액티브,한국투자신탁운용,0.14,0.05
272910,ACE 중장기국공채액티브,한국투자신탁운용,0.14,0.08
467940,KODEX 25-11 회사채(A+이상)액티브,삼성자산운용,0.14,0.09
457690,KODEX 33-06 국고채액티브,삼성자산운용,0.13,0.15
472920,HK 종합채권(AA-이상)액티브,흥국자산운용,0.13,0.036
430500,KIWOOM 물가채KIS,키움투자자산운용,0.12,0.15
114820,TIGER 국채3년,미래에셋자산운용,0.12,0.15
341850,TIGER 리츠부동산인프라채권,미래에셋자산운용,0.11,0.22
385540,RISE 종합채권(A-이상)액티브,케이비자산운용,0.1,0.012
438560,SOL 국고채3년,신한자산운용,0.09,0.05
451000,PLUS 종합채권(AA-이상)액티브,한화자산운용,0.09,0.045
0017Y0,1Q 종합채권(AA-이상)액티브,하나자산운용,0.09,0.025
273130,KODEX 종합채권(AA-이상)액티브,삼성자산운용,0.08,0.045
356540,ACE 종합채권(AA-이상)KIS액티브,한국투자신탁운용,0.08,0.02
498180,파워 종합채권(AA-이상)액티브,교보악사자산운용,0.08,0.036
261920,ACE 필리핀MSCI(합성),한국투자신탁운용,0.07,0.5
483020,KIWOOM 의료AI,키움투자자산운용,0.05,0.49
363570,KODEX 장기종합채권(AA-이상)액티브,삼성자산운용,0.04,0.045
454780,KIWOOM 종합채권(AA-이상)액티브,키움투자자산운용,0.04,0.025
461500,HANARO 종합채권(AA-이상)액티브,엔에이치아문디자산운용,0.03,0.02
302190,TIGER 중장기국채,미래에셋자산운용,0.01,0.13
426150,WON 대한민국국고채액티브,우리자산운용,0.01,0.07
451600,PLUS 국고채30년액티브,한화자산운용,0.0,0.05
476760,ACE 미국30년국채액티브,한국투자신탁운용,0.0,0.05
237370,KODEX 배당성장채권혼합,삼성자산운용,0.0,0.19
265690,ACE 러시아MSCI(합성),한국투자신탁운용,0.0,0.0
447770,TIGER 테슬라채권혼합Fn,미래에셋자산운용,0.0,0.25
458260,TIGER 미국투자등급회사채액티브(H),미래에셋자산운용,-0.02,0.14
481430,RISE 국고채10년액티브,케이비자산운용,-0.06,0.012
457700,KODEX 53-09 국고채액티브,삼성자산운용,-0.08,0.15
290080,RISE 200고배당커버드콜ATM,케이비자산운용,-0.11,0.4
289670,PLUS 국채선물10년,한화자산운용,-0.12,0.05
148070,KIWOOM 국고채10년,키움투자자산운용,-0.15,0.05
471230,KODEX 국고채10년액티브,삼성자산운용,-0.16,0.015
448490,HANARO 32-10 국고채액티브,엔에이치아문디자산운용,-0.16,0.05
438570,SOL 국고채10년,신한자산운용,-0.18,0.05
138920,KODEX 콩선물(H),삼성자산운용,-0.18,0.68
365780,ACE 국고채10년,한국투자신탁운용,-0.19,0.02
295000,RISE 국채선물10년,케이비자산운용,-0.19,0.07
363580,KODEX 200IT TR,삼성자산운용,-0.2,0.15
439870,KODEX 국고채30년액티브,삼성자산운용,-0.2,0.05
446690,KODEX 아시아AI반도체exChina액티브,삼성자산운용,-0.22,0.5
429740,PLUS K리츠,한화자산운용,-0.22,0.25
152380,KODEX 국채선물10년,삼성자산운용,-0.23,0.07
471460,KIWOOM 국고채30년액티브,키움투자자산운용,-0.23,0.035
437080,KODEX 미국종합채권ESG액티브(H),삼성자산운용,-0.24,0.18
0010E0,ACE FTSE WGBI Korea,한국투자신탁운용,-0.25,0.15
461460,PLUS 국고채10년액티브,한화자산운용,-0.27,0.045
474390,SOL 국고채30년액티브,신한자산운용,-0.29,0.05
346000,HANARO KAP초장기국고채,엔에이치아문디자산운용,-0.3,0.2
441800,TIMEFOLIO Korea플러스배당액티브,타임폴리오자산운용,-0.31,0.8
292560,TIGER 일본엔선물,미래에셋자산운용,-0.39,0.21
433500,ACE 원자력테마딥서치,한국투자신탁운용,-0.4,0.3
451670,RISE 국채30년레버리지(합성),케이비자산운용,-0.4,0.1
451530,TIGER 국고채30년스트립액티브,미래에셋자산운용,-0.41,0.15
385560,RISE KIS국고채30년Enhanced,케이비자산운용,-0.44,0.05
469160,ACE 일본반도체,한국투자신탁운용,-0.45,0.45
407300,HANARO Fn골프테마,엔에이치아문디자산운용,-0.47,0.45
226380,ACE Fn성장소비주도주,한국투자신탁운용,-0.49,0.5
167860,KIWOOM 국고채10년레버리지,키움투자자산운용,-0.57,0.3
481340,RISE 미국30년국채액티브,케이비자산운용,-0.59,0.05
0005G0,ITF K-AI반도체코어테크,아이비케이자산운용,-0.66,0.28
139260,TIGER 200 IT,미래에셋자산운용,-0.7,0.4
0015F0,KIWOOM 팔란티어미국30년국채혼합액티브(H),키움투자자산운용,-0.75,0.19
137610,TIGER 농산물선물Enhanced(H),미래에셋자산운용,-0.76,0.69
489000,PLUS 일본엔화초단기국채(합성),한화자산운용,-0.79,0.19
091160,KODEX 반도체,삼성자산운용,-0.8,0.45
160580,TIGER 구리실물,미래에셋자산운용,-0.81,0.83
471990,KODEX AI반도체핵심장비,삼성자산운용,-0.83,0.39
228790,TIGER 화장품,미래에셋자산운용,-0.88,0.5
091230,TIGER 반도체,미래에셋자산운용,-0.92,0.46
385710,TIMEFOLIO K이노베이션액티브,타임폴리오자산운용,-0.92,0.8
407170,KCGI 스마트커머스액티브,케이씨지아이자산운용,-0.96,0.445
271060,KODEX 3대농산물선물(H),삼성자산운용,-1.19,0.55
267440,RISE 미국장기국채선물(H),케이비자산운용,-1.23,0.4
380340,ACE Fn5G플러스,한국투자신탁운용,-1.29,0.35
280940,KODEX 골드선물인버스(H),삼성자산운용,-1.32,0.45
465660,TIGER 일본반도체FACTSET,미래에셋자산운용,-1.37,0.49
476800,KODEX 한국부동산리츠인프라,삼성자산운용,-1.38,0.09
476550,TIGER 미국30년국채커버드콜액티브(H),미래에셋자산운용,-1.43,0.39
360140,KODEX 200롱코스닥150숏선물,삼성자산운용,-1.46,0.64
228800,TIGER 여행레저,미래에셋자산운용,-1.52,0.5
469530,RISE 미국달러선물인버스,케이비자산운용,-1.56,0.05
480460,WON 한국부동산TOP3플러스,우리자산운용,-1.58,0.25
396500,TIGER Fn반도체TOP10,미래에셋자산운용,-1.59,0.45
453850,ACE 미국30년국채액티브(H),한국투자신탁운용,-1.68,0.05
261270,KODEX 미국달러선물인버스,삼성자산운용,-1.69,0.45
484790,KODEX 미국30년국채액티브(H),삼성자산운용,-1.72,0.015
461600,SOL 미국30년국채액티브(H),신한자산운용,-1.74,0.05
494310,KODEX 반도체레버리지,삼성자산운용,-1.76,0.49
139660,KIWOOM 미국달러선물인버스,키움투자자산운용,-1.79,0.49
200250,KIWOOM 인도Nifty50(합성),키움투자자산운용,-1.84,0.29
243880,TIGER 200IT레버리지,미래에셋자산운용,-1.84,0.63
0000H0,KODEX 인도Nifty미드캡100,삼성자산운용,-1.91,0.45
304660,KODEX 미국30년국채울트라선물(H),삼성자산운용,-1.91,0.3
418670,TIGER 글로벌AI사이버보안,미래에셋자산운용,-1.96,0.49
498610,RISE 인도디지털성장,케이비자산운용,-2.12,0.3
453810,KODEX 인도Nifty50,삼성자산운용,-2.13,0.19
364990,TIGER 게임TOP10,미래에셋자산운용,-2.24,0.4
0002C0,에셋플러스 인도일등기업포커스20액티브,에셋플러스자산운용,-2.28,0.99
481060,KODEX 미국30년국채타겟커버드콜(합성 H),삼성자산운용,-2.29,0.25
373530,PLUS 신흥국MSCI인버스(합성 H),한화자산운용,-2.34,0.5
469150,ACE AI반도체포커스,한국투자신탁운용,-2.35,0.3
442580,PLUS 글로벌HBM반도체,한화자산운용,-2.38,0.5
271050,KODEX WTI원유선물인버스(H),삼성자산운용,-2.44,0.35
267490,RISE 미국장기국채선물레버리지(합성 H),케이비자산운용,-2.57,0.5
453870,TIGER 인도니프티50,미래에셋자산운용,-2.58,0.19
217770,TIGER 원유선물인버스(H),미래에셋자산운용,-2.62,0.69
488080,TIGER 반도체TOP10레버리지,미래에셋자산운용,-2.65,0.49
459370,SOL 유럽탄소배출권선물인버스ICE(H),신한자산운용,-2.66,0.55
472870,RISE 미국30년국채엔화노출(합성 H),케이비자산운용,-2.71,0.15
402460,HANARO Fn K-메타버스MZ,엔에이치아문디자산운용,-2.71,0.45
407160,KCGI 테크미디어텔레콤액티브,케이씨지아이자산운용,-2.75,0.445
476750,ACE 미국30년국채엔화노출액티브(H),한국투자신탁운용,-2.81,0.15
365000,TIGER 인터넷TOP10,미래에셋자산운용,-2.91,0.4
470310,UNICORN 생성형AI강소기업액티브,현대자산운용,-2.95,0.5
487920,ACE 인도시장대표BIG5그룹액티브,한국투자신탁운용,-3.02,0.45
458250,TIGER 미국30년국채스트립액티브(합성 H),미래에셋자산운용,-3.08,0.15
476260,HANARO 반도체핵심공정주도주,엔에이치아문디자산운용,-3.22,0.45
0008T0,SOL 화장품TOP3플러스,신한자산운용,-3.26,0.45
407820,에셋플러스 코리아플랫폼액티브,에셋플러스자산운용,-3.32,0.975
230480,KIWOOM 미국달러선물인버스2X,키움투자자산운용,-3.46,0.64
205720,ACE 일본TOPIX인버스(합성 H),한국투자신탁운용,-3.53,0.5
471760,TIGER AI반도체핵심공정,미래에셋자산운용,-3.55,0.45
409810,KODEX 미국나스닥100선물인버스(H),삼성자산운용,-3.6,0.3
261120,TIGER 미국달러선물인버스2X,미래에셋자산운용,-3.69,0.05
452250,ACE 미국30년국채선물레버리지(합성 H),한국투자신탁운용,-3.87,0.25
261260,KODEX 미국달러선물인버스2X,삼성자산운용,-3.87,0.45
491630,RISE 미국반도체인버스(합성 H),케이비자산운용,-3.92,0.49
395280,HANARO Fn K-게임,엔에이치아문디자산운용,-4.16,0.45
445290,KODEX 로봇액티브,삼성자산운용,-4.27,0.5
400970,TIGER Fn메타버스,미래에셋자산운용,-4.27,0.45
236350,TIGER 인도니프티50레버리지(합성),미래에셋자산운용,-4.27,0.58
225030,TIGER 미국S&P500선물인버스(H),미래에셋자산운용,-4.28,0.59
488210,KIWOOM K-반도체북미공급망,키움투자자산운용,-4.31,0.49
300950,KODEX 게임산업,삼성자산운용,-4.34,0.45
102970,KODEX 증권,삼성자산운용,-4.36,0.45
252410,RISE 200선물인버스,케이비자산운용,-4.39,0.6
291680,RISE 차이나H선물인버스(H),케이비자산운용,-4.4,0.6
157500,TIGER 증권,미래에셋자산운용,-4.41,0.4
253240,KIWOOM 200선물인버스,키움투자자산운용,-4.44,0.46
145670,ACE 인버스,한국투자신탁운용,-4.5,0.15
098560,TIGER 방송통신,미래에셋자산운용,-4.51,0.46
469790,KIWOOM K-테크TOP10,키움투자자산운용,-4.55,0.39
422260,VITA MZ소비액티브,한국투자밸류자산운용,-4.58,0.6
306520,HANARO 200선물인버스,엔에이치아문디자산운용,-4.61,0.45
114800,KODEX 인버스,삼성자산운용,-4.66,0.64
123310,TIGER 인버스,미래에셋자산운용,-4.67,0.022
388280,RISE 컨택트대표,케이비자산운용,-4.77,0.45
453820,KODEX 인도Nifty50레버리지(합성),삼성자산운용,-4.81,0.39
300610,TIGER K게임,미래에셋자산운용,-5.05,0.5
401170,RISE 메타버스,케이비자산운용,-5.22,0.45
139220,TIGER 200 건설,미래에셋자산운용,-5.45,0.4
315270,TIGER 200커뮤니케이션서비스,미래에셋자산운용,-5.56,0.4
300640,RISE 게임테마,케이비자산운용,-5.57,0.3
477730,KODEX 인도타타그룹,삼성자산운용,-5.69,0.45
494220,UNICORN SK하이닉스밸류체인액티브,현대자산운용,-5.95,0.5
322400,HANARO e커머스,엔에이치아문디자산운용,-6.0,0.45
217780,TIGER 차이나CSI300인버스(합성),미래에셋자산운용,-6.0,0.58
301410,PLUS 코스닥150선물인버스,한화자산운용,-6.04,0.29
250780,TIGER 코스닥150선물인버스,미래에셋자산운용,-6.12,0.32
465620,ACE 미국빅테크TOP7 Plus인버스(합성),한국투자신탁운용,-6.22,0.6
275750,RISE 코스닥150선물인버스,케이비자산운용,-6.27,0.6
291620,KIWOOM 코스닥150선물인버스,키움투자자산운용,-6.29,0.09
251340,KODEX 코스닥150선물인버스,삼성자산운용,-6.32,0.64
157490,TIGER 소프트웨어,미래에셋자산운용,-6.91,0.4
410870,TIMEFOLIO K컬처액티브,타임폴리오자산운용,-6.95,0.8
481200,SOL 미국테크TOP10인버스(합성),신한자산운용,-7.25,0.05
117700,KODEX 건설,삼성자산운용,-7.44,0.45
401470,KODEX 메타버스액티브,삼성자산운용,-7.93,0.5
427120,RISE 플랫폼테마,케이비자산운용,-8.12,0.45
266360,KODEX K콘텐츠,삼성자산운용,-8.43,0.45
252420,RISE 200선물인버스2X,케이비자산운용,-9.17,0.6
253160,PLUS 200선물인버스2X,한화자산운용,-9.32,0.06
252670,KODEX 200선물인버스2X,삼성자산운용,-9.33,0.64
252710,TIGER 200선물인버스2X,미래에셋자산운용,-9.44,0.022
253230,KIWOOM 200선물인버스2X,키움투자자산운용,-9.82,0.46
469070,RISE AI&로봇,케이비자산운용,-9.96,0.4
334700,RISE 팔라듐선물인버스(H),케이비자산운용,-10.1,0.6
395150,KODEX 웹툰&드라마,삼성자산운용,-10.2,0.45
475050,ACE KPOP포커스,한국투자신탁운용,-11.42,0.3
395290,HANARO Fn K-POP&미디어,엔에이치아문디자산운용,-11.69,0.45
228810,TIGER 미디어컨텐츠,미래에셋자산운용,-13.7,0.44
465350,RISE 2차전지TOP10인버스(합성),케이비자산운용,-16.84,0.49
0053M0,더제이 중소형포커스액티브,더제이자산운용,0.0,0.685
0078V0,PLUS 미국로보택시,한화자산운용,0.0,0.49
0080X0,SOL 미국S&P500미국채혼합50,신한자산운용,0.0,0.15
0080Y0,SOL 조선TOP3플러스레버리지,신한자산운용,0.0,0.5
0079X0,ACE BYD밸류체인액티브,한국투자신탁운용,0.0,0.45
0082V0,KODEX TDF2060액티브,삼성자산운용,0.0,0.3
0073X0,FOCUS 알리바바미국채커버드콜혼합,브이아이자산운용,0.0,0.36
0084D0,KIWOOM 미국테크100월간목표헤지액티브,키움투자자산운용,0.0,0.49
0085P0,ACE 미국10년국채액티브,한국투자신탁운용,0.0,0.15
0085N0,ACE 미국10년국채액티브(H),한국투자신탁운용,0.0,0.15
0080G0,KODEX K방산TOP10,삼성자산운용,0.0,0.45
0074K0,KoAct K수출핵심기업TOP30액티브,삼성액티브자산운용,0.0,0.5
0083S0,1Q 미국메디컬AI,하나자산운용,0.0,0.49
