종목코드,종목명,상장일,운용사,수익률,기초지수,변동성
466400,1Q 25-08 회사채(A+이상)액티브,2023/09/19,하나자산운용,0.22,KIS 2025-08만기형 크레딧 A+이상 지수(총수익),매우낮음
491610,1Q CD금리액티브(합성),2024/09/24,하나자산운용,0.22,KIS 하나 CD금리 총수익지수,매우낮음
451060,1Q K200액티브,2023/01/31,하나자산운용,8.59,코스피 200,보통
463290,1Q 단기금융채액티브,2023/08/03,하나자산운용,0.22,MK 머니마켓 지수(총수익),매우낮음
479080,1Q 머니마켓액티브,2024/04/02,하나자산운용,0.22,KIS-하나 MMF 지수(총수익),매우낮음
0026S0,1Q 미국S&P500,2025/03/18,하나자산운용,7.04,S&P 500,매우낮음
0052S0,1Q 미국S&P500미국채혼합50액티브,2025/06/10,하나자산운용,4.51,S&P 500 and Short-Term Treasury 50/50 Blend Index,매우낮음
0069M0,1Q 미국나스닥100,2025/06/24,하나자산운용,,NASDAQ 100,매우낮음
0004G0,1Q 미국배당TOP30,2025/01/21,하나자산운용,4.68,Solactive U.S. Dividend TOP 30 Index PR,보통
0017Y0,1Q 종합채권(AA-이상)액티브,2025/02/25,하나자산운용,0.23,KIS 종합채권형 지수(AA-이상)(총수익),매우낮음
0052T0,1Q 중단기회사채(A-이상)액티브,2025/05/27,하나자산운용,0.28,KEDI 중단기크레딧플러스채권(AAA~A-)지수(총수익),매우낮음
472350,1Q 차이나H(H),2023/12/12,하나자산운용,4.5,Hang Seng China H,보통
495330,1Q 코리아밸류업,2024/11/04,하나자산운용,6.69,코리아 밸류업 지수,보통
492500,1Q 현대차그룹채권(A+이상)&국고통안,2024/10/02,하나자산운용,0.37,KIS 하나 현대차그룹채권(A+이상)&국고통안 총수익지수,매우낮음
473440,ACE 11월만기자동연장회사채AA-이상액티브,2023/12/19,한국투자신탁운용,0.23,KIS 11월 만기자동연장회사채(AA-이상) 총수익지수,매우낮음
105190,ACE 200,2008/09/25,한국투자신탁운용,8.38,코스피 200,보통
332500,ACE 200TR,2019/08/28,한국투자신탁운용,8.42,코스피 200 TR,보통
461270,ACE 26-06 회사채(AA-이상)액티브,2023/06/20,한국투자신탁운용,0.18,KIS 크레딧 2606만기형(AA-이상)지수(총수익지수),매우낮음
475260,ACE 2월만기자동연장회사채AA-이상액티브,2024/01/23,한국투자신탁운용,0.19,KAP 2월 만기자동연장회사채(AA-이상) 총수익지수,매우낮음
385600,ACE 2차전지&친환경차액티브,2021/05/25,한국투자신탁운용,9.36,FnGuide 친환경 자동차 밸류체인 지수,높음
475270,ACE 5월만기자동연장회사채AA-이상액티브,2024/01/23,한국투자신탁운용,0.19,KIS 5월 만기자동연장회사채(AA-이상) 총수익지수,매우낮음
475280,ACE 8월만기자동연장회사채AA-이상액티브,2024/01/23,한국투자신탁운용,0.19,KAP 8월 만기자동연장회사채(AA-이상) 총수익지수,매우낮음
469150,ACE AI반도체포커스,2023/10/17,한국투자신탁운용,7.12,FnGuide AI 반도체 포커스 지수(시장가격),매우높음
0079X0,ACE BYD밸류체인액티브,2025/07/15,한국투자신탁운용,,Bloomberg BYD Plus Top Supply Chain Select Price Return Index,낮음
385590,ACE ESG액티브,2021/05/25,한국투자신탁운용,10.36,MSCI Korea Country ESG Leaders Custom Capped Price return Index,보통
0010E0,ACE FTSE WGBI Korea,2025/02/18,한국투자신탁운용,-0.19,FTSE Korean Government Bond Index(TR),매우낮음
380340,ACE Fn5G플러스,2021/04/02,한국투자신탁운용,5.43,FnGuide 5G플러스 지수 (시장가격),매우높음
226380,ACE Fn성장소비주도주,2015/08/19,한국투자신탁운용,3.98,FnGuide 성장소비주도 지수,높음
475050,ACE KPOP포커스,2024/01/30,한국투자신탁운용,-4.0,iSelect K-POP 포커스지수(시장가격),매우높음
411060,ACE KRX금현물,2021/12/15,한국투자신탁운용,-0.19,KRX 금현물지수,낮음
0021D0,ACE TDF2030액티브,2025/03/11,한국투자신탁운용,3.48,Bloomberg Multi Asset Target-date 2030 KRW Index,매우낮음
0021E0,ACE TDF2050액티브,2025/03/11,한국투자신탁운용,5.14,Bloomberg Multi Asset Target-date 2050 KRW Index,매우낮음
225130,ACE 골드선물 레버리지(합성 H),2015/07/28,한국투자신탁운용,-3.92,S&P GSCI GOLD Index Excess Return,높음
483340,ACE 구글밸류체인액티브,2024/06/11,한국투자신탁운용,10.85,KEDI 글로벌 AI 클라우드 지수,낮음
365780,ACE 국고채10년,2020/10/15,한국투자신탁운용,0.11,KIS 10년 국고채 지수 (총수익),매우낮음
114460,ACE 국고채3년,2009/07/31,한국투자신탁운용,0.18,KTB INDEX(시장가격),매우낮음
494340,ACE 글로벌AI맞춤형반도체,2024/10/22,한국투자신탁운용,15.12,Solactive AI Custom Semiconductor Index(PR),보통
411050,ACE 글로벌메타버스테크액티브,2021/12/22,한국투자신탁운용,9.92,Bloomberg Global Digital Media & Tech Select Price Return Index,보통
446770,ACE 글로벌반도체TOP4 Plus SOLACTIVE,2022/11/15,한국투자신탁운용,14.2,Solactive Global Semiconductor TOP4 Plus Price Return Index,보통
435040,ACE 글로벌브랜드TOP10블룸버그,2022/06/28,한국투자신탁운용,6.93,Bloomberg Global Select Industry Leaders TOP10 Index(PR),매우낮음
497510,ACE 글로벌빅파마,2024/11/19,한국투자신탁운용,1.65,Solactive Global Big Pharma Index (Price Return),높음
460960,ACE 글로벌인컴TOP10 SOLACTIVE,2023/07/11,한국투자신탁운용,4.29,Solactive Global Superior Income TOP 10 Price Return Index,매우낮음
414270,ACE 글로벌자율주행액티브,2022/02/15,한국투자신탁운용,7.29,FactSet US-China Electric&Autonomous Vehicle Price Return Index,보통
440640,ACE 단기채권알파액티브,2022/08/23,한국투자신탁운용,0.22,KIS 단기채권알파AA-이상 총수익지수,매우낮음
190620,ACE 단기통안채,2013/12/23,한국투자신탁운용,0.21,KIS MSB 단기지수(총수익),매우낮음
494330,ACE 라이프자산주주가치액티브,2024/10/15,한국투자신탁운용,12.25,FnGuide 기업가치 지수(시장가격),높음
265690,ACE 러시아MSCI(합성),2017/03/21,한국투자신탁운용,0.0,MSCI Russia 25% Capped Price Return Index,매우낮음
152500,ACE 레버리지,2012/01/27,한국투자신탁운용,16.74,코스피 200,매우높음
483330,ACE 마이크로소프트밸류체인액티브,2024/06/11,한국투자신탁운용,7.06,KEDI 글로벌생성형AI 지수,낮음
487340,ACE 머니마켓액티브,2024/07/09,한국투자신탁운용,0.25,MK-KAP 머니마켓 총수익지수,매우낮음
291130,ACE 멕시코MSCI(합성),2018/03/09,한국투자신탁운용,3.47,MSCI MEXICO IMI 25/50 Price return Index,낮음
452250,ACE 미국30년국채선물레버리지(합성 H),2023/02/07,한국투자신탁운용,-2.51,S&P Ultra T-Bond Futures Index(ER),높음
476760,ACE 미국30년국채액티브,2024/03/12,한국투자신탁운용,0.54,Bloomberg U.S Treasury 20+ Year Total Return Index,낮음
453850,ACE 미국30년국채액티브(H),2023/03/14,한국투자신탁운용,-1.24,Bloomberg U.S Treasury 20+ Year Total Return Index,낮음
476750,ACE 미국30년국채엔화노출액티브(H),2024/03/12,한국투자신탁운용,-2.1,Bloomberg U.S. Treasury 20+ Year Total Return Index T1530 JPY Currency Hedged,낮음
480030,ACE 미국500데일리타겟커버드콜(합성),2024/04/23,한국투자신탁운용,5.85,Bloomberg US 500 Large Cap Premium Decrement 15% Distribution Index,매우낮음
280320,ACE 미국IT인터넷S&P(합성 H),2017/10/17,한국투자신탁운용,3.96,다우존스 인터넷 종합지수,보통
360200,ACE 미국S&P500,2020/08/07,한국투자신탁운용,7.12,S&P 500,매우낮음
438080,ACE 미국S&P500채권혼합액티브,2022/08/26,한국투자신탁운용,3.54,S&P500 and Short-Term Treasury 30/70 Blend Index,매우낮음
309230,ACE 미국WideMoat동일가중,2018/10/25,한국투자신탁운용,7.7,MorningStar Wide Moat Focus Index,낮음
367380,ACE 미국나스닥100,2020/10/29,한국투자신탁운용,7.99,NASDAQ 100,매우낮음
438100,ACE 미국나스닥100채권혼합액티브,2022/08/26,한국투자신탁운용,4.14,NASDAQ-100 US T-Bills 30/70 Index,매우낮음
456880,ACE 미국달러SOFR금리(합성),2023/04/25,한국투자신탁운용,2.18,Solactive SOFR Daily Total Return Index,매우낮음
440650,ACE 미국달러단기채권액티브,2022/08/23,한국투자신탁운용,2.15,Bloomberg Short-Term Treasury Total Return Index,매우낮음
480040,ACE 미국반도체데일리타겟커버드콜(합성),2024/04/23,한국투자신탁운용,10.34,Bloomberg US Listed Semiconductor Premium Decrement 15% Distribution Index,낮음
402970,ACE 미국배당다우존스,2021/10/21,한국투자신탁운용,3.82,Dow Jones U.S. Dividend 100 Price Return Index,낮음
0046Y0,ACE 미국배당퀄리티,2025/05/13,한국투자신탁운용,5.93,WisdomTree U.S. Quality Dividend Growth Index (Price Return),매우낮음
0049M0,ACE 미국배당퀄리티+커버드콜액티브,2025/05/13,한국투자신탁운용,4.05,Bloomberg WisdomTree U.S. Quality Dividend & B500 Premium Decrement 50:50 Index,매우낮음
0049K0,ACE 미국배당퀄리티채권혼합50,2025/05/13,한국투자신탁운용,2.92,Bloomberg WisdomTree U.S. Quality Dividend & Short Term KRW Bonds 50:50 TR Index,매우낮음
181480,ACE 미국부동산리츠(합성 H),2013/08/01,한국투자신탁운용,0.72,Dow Jones U.S. Real Estate Index,보통
480020,ACE 미국빅테크7+데일리타겟커버드콜(합성),2024/04/23,한국투자신탁운용,8.53,Bloomberg US Big Tech Top 7 Plus Premium Decrement 15% Distribution Index,매우낮음
465580,ACE 미국빅테크TOP7 Plus,2023/09/12,한국투자신탁운용,8.94,Solactive US Big Tech Top 7 Plus Price Return Index,낮음
465610,ACE 미국빅테크TOP7 Plus레버리지(합성),2023/09/12,한국투자신탁운용,17.7,Solactive US Big Tech Top 7 Plus Price Return Index,보통
465620,ACE 미국빅테크TOP7 Plus인버스(합성),2023/09/12,한국투자신탁운용,-7.47,Solactive US Big Tech Top 7 Plus Price Return Index,낮음
473590,ACE 미국주식베스트셀러,2023/12/27,한국투자신탁운용,5.44,FnGuide 미국 주식 베스트셀러 지수(시장가격지수),낮음
0008E0,ACE 미국중심중소형제조업,2025/01/21,한국투자신탁운용,11.94,NYSE FactSet US Focus Manufacturing Index(Price Return),보통
391600,ACE 미국친환경그린테마INDXX,2021/08/05,한국투자신탁운용,9.08,Indxx US Green Infrastructure Price return Index,높음
455660,ACE 미국하이일드액티브(H),2023/04/18,한국투자신탁운용,0.05,Markit iBoxx USD Liquid High Yield Total Return Index,매우낮음
245710,ACE 베트남VN30(합성),2016/07/01,한국투자신탁운용,16.12,VN30 Index(PR),보통
131890,ACE 삼성그룹동일가중,2010/09/17,한국투자신탁운용,7.92,MKF SAMs EW 지수,보통
108450,ACE 삼성그룹섹터가중,2009/02/03,한국투자신탁운용,8.4,MKF SAMs SW,높음
316300,ACE 싱가포르리츠,2019/01/29,한국투자신탁운용,3.25,Morningstar Singapore REIT Yield Focus Index(PR),낮음
277540,ACE 아시아TOP50S&P,2017/08/23,한국투자신탁운용,7.32,S&P ASIA50 Price Return Index,보통
483420,ACE 애플밸류체인액티브,2024/06/11,한국투자신탁운용,8.01,Bloomberg Top 30 Supply Chain Plus Apple Price Return Index,매우낮음
483320,ACE 엔비디아밸류체인액티브,2024/06/11,한국투자신탁운용,15.84,KEDI 글로벌AI반도체 지수,보통
448540,ACE 엔비디아채권혼합블룸버그,2022/11/29,한국투자신탁운용,7.23,Bloomberg Blended NVIDIA Equity and Korean Bond Index,낮음
433500,ACE 원자력테마딥서치,2022/06/28,한국투자신탁운용,0.75,DeepSearch 원자력테마 지수 (시장가격지수),매우높음
256440,ACE 인도네시아MSCI(합성),2016/11/01,한국투자신탁운용,0.41,MSCI Indonesia Index,보통
487920,ACE 인도시장대표BIG5그룹액티브,2024/09/10,한국투자신탁운용,2.17,Indxx India Big 5 Conglomerates Index (Price Return),낮음
487910,ACE 인도컨슈머파워액티브,2024/09/10,한국투자신탁운용,5.93,Indxx India Super Consumption Index (Price Return),낮음
145670,ACE 인버스,2011/09/08,한국투자신탁운용,-7.62,코스피 200 선물지수,보통
497520,ACE 일라이릴리밸류체인,2024/11/19,한국투자신탁운용,1.88,Solactive Eli Lilly Value Chain Index(PR),낮음
238720,ACE 일본Nikkei225(H),2016/03/03,한국투자신탁운용,2.42,Nikkei 225,낮음
196030,ACE 일본TOPIX레버리지(H),2014/06/16,한국투자신탁운용,2.48,TOPIX,보통
205720,ACE 일본TOPIX인버스(합성 H),2014/09/29,한국투자신탁운용,-1.09,TOPIX,낮음
469160,ACE 일본반도체,2023/10/17,한국투자신탁운용,3.75,Bloomberg Japan Semiconductor Select Top 25 Index(Price Return),보통
0021C0,ACE 장기자산배분액티브,2025/03/11,한국투자신탁운용,5.69,Bloomberg Multi Asset Target-date 2080 KRW Index,매우낮음
356540,ACE 종합채권(AA-이상)KIS액티브,2020/07/21,한국투자신탁운용,0.27,KIS 종합채권 AA-이상 총수익 지수(Total return Index),매우낮음
447430,ACE 주주환원가치주액티브,2022/11/15,한국투자신탁운용,7.82,FnGuide 올라운드 가치주 지수,높음
416090,ACE 중국과창판STAR50,2022/01/13,한국투자신탁운용,6.36,STAR 50 Index(Price Return),보통
168580,ACE 중국본토CSI300,2012/11/29,한국투자신탁운용,7.64,CSI 300 Index,낮음
219900,ACE 중국본토CSI300레버리지(합성),2015/05/28,한국투자신탁운용,13.08,CSI 300 Index,보통
272910,ACE 중장기국공채액티브,2017/06/29,한국투자신탁운용,0.29,KIS 종합채권국공채1-10Y지수,매우낮음
371870,ACE 차이나항셍테크,2020/12/16,한국투자신탁운용,7.4,Hang Seng TECH Index,보통
496120,ACE 코리아밸류업,2024/11/04,한국투자신탁운용,7.34,코리아 밸류업 지수,보통
354500,ACE 코스닥150,2020/05/07,한국투자신탁운용,9.08,코스닥 150,높음
305050,ACE 코스피,2018/10/05,한국투자신탁운용,6.84,코스피,보통
457480,ACE 테슬라밸류체인액티브,2023/05/16,한국투자신탁운용,6.68,Bloomberg EV Supporters Plus Tesla Price Return Index,매우높음
469170,ACE 포스코그룹포커스,2023/10/17,한국투자신탁운용,15.84,FnGuide 포스코그룹포커스 지수(시장가격),매우높음
261920,ACE 필리핀MSCI(합성),2016/12/28,한국투자신탁운용,-0.4,MSCI Philippines IMI Index,보통
495710,BNK 26-06 특수채(AAA이상)액티브,2024/12/03,비엔케이자산운용,0.2,KAP 26-06 특수채 총수익 지수(AAA이상),매우낮음
466810,BNK 2차전지양극재,2023/10/19,비엔케이자산운용,19.41,iSelect 2차전지양극재 지수,매우높음
457930,BNK 미래전략기술액티브,2023/06/20,비엔케이자산운용,6.71,iSelect 미래전략기술 지수 (PR),높음
487750,BNK 온디바이스AI,2024/07/23,비엔케이자산운용,6.2,FnGuide 온디바이스AI 지수,매우높음
445690,BNK 주주가치액티브,2022/10/27,비엔케이자산운용,10.65,FnGuide 주주가치 지수,높음
486240,DAISHIN343 AI반도체&인프라액티브,2024/06/18,대신자산운용,4.47,FnGuide AI반도체&인프라 지수,높음
434960,DAISHIN343 K200,2022/06/28,대신자산운용,8.31,코스피 200,보통
448570,FOCUS AI코리아액티브,2022/11/15,브이아이자산운용,7.72,코스피,보통
285690,FOCUS ESG리더스,2017/12/13,브이아이자산운용,8.1,KRX ESG Leaders 150,보통
292730,FOCUS KRX300,2018/03/26,브이아이자산운용,8.54,KRX 300,보통
0073X0,FOCUS 알리바바미국채커버드콜혼합,2025/07/01,브이아이자산운용,,KEDI 알리바바미국채커버드콜혼합지수(TR),낮음
293180,HANARO 200,2018/03/30,엔에이치아문디자산운용,8.33,코스피 200,보통
407310,HANARO 200 TOP10,2021/11/24,엔에이치아문디자산운용,5.41,코스피 200 Top 10 지수,높음
332930,HANARO 200TR,2019/08/28,엔에이치아문디자산운용,8.35,코스피 200 TR,보통
304780,HANARO 200선물레버리지,2018/08/14,엔에이치아문디자산운용,16.76,코스피 200 선물지수,매우높음
486780,HANARO 200선물레버리지1.5X,2024/07/09,엔에이치아문디자산운용,13.28,코스피 200 선물지수,매우높음
306520,HANARO 200선물인버스,2018/09/18,엔에이치아문디자산운용,-7.48,코스피 200 선물지수,보통
489570,HANARO 25-12 은행채(AA+이상)액티브,2024/10/15,엔에이치아문디자산운용,0.24,KIS 은행채2512만기형 지수,매우낮음
448490,HANARO 32-10 국고채액티브,2022/11/22,엔에이치아문디자산운용,0.17,KAP 32-10 국고채 10년 총수익지수,매우낮음
454320,HANARO CAPEX설비투자iSelect,2023/04/18,엔에이치아문디자산운용,5.32,iSelect CAPEX 설비투자 지수(시장가격),매우높음
395290,HANARO Fn K-POP&미디어,2021/07/30,엔에이치아문디자산운용,-5.33,FnGuide K-POP & 미디어 지수,높음
395280,HANARO Fn K-게임,2021/07/30,엔에이치아문디자산운용,-0.89,FnGuide K-게임 지수,높음
368190,HANARO Fn K-뉴딜디지털플러스,2020/11/10,엔에이치아문디자산운용,9.93,FnGuide K-뉴딜 디지털 플러스 지수,매우높음
402460,HANARO Fn K-메타버스MZ,2021/10/13,엔에이치아문디자산운용,0.07,FnGuide K-메타버스 MZ 지수(시장가격),높음
395270,HANARO Fn K-반도체,2021/07/30,엔에이치아문디자산운용,8.54,FnGuide K-반도체 지수,매우높음
438900,HANARO Fn K-푸드,2022/08/17,엔에이치아문디자산운용,5.78,FnGuide K-푸드 지수 (시장가격),높음
367740,HANARO Fn5G산업,2020/10/29,엔에이치아문디자산운용,8.81,FnGuide 5G 산업 지수,보통
407300,HANARO Fn골프테마,2021/11/24,엔에이치아문디자산운용,6.75,FnGuide 골프 테마 지수,보통
381560,HANARO Fn전기&수소차,2021/04/02,엔에이치아문디자산운용,11.09,FnGuide 전기&수소차 지수 (시장가격),매우높음
441540,HANARO Fn조선해운,2022/09/15,엔에이치아문디자산운용,-2.46,FnGuide 조선해운지수,매우높음
381570,HANARO Fn친환경에너지,2021/04/02,엔에이치아문디자산운용,8.15,FnGuide 친환경에너지 지수 (시장가격),높음
479850,HANARO K-뷰티,2024/04/16,엔에이치아문디자산운용,7.01,FnGuide K-뷰티 지수,매우높음
346000,HANARO KAP초장기국고채,2020/01/16,엔에이치아문디자산운용,0.1,KAP 초장기 국고채 지수(총수익),매우낮음
453060,HANARO KOFR금리액티브(합성),2023/03/14,엔에이치아문디자산운용,0.22,KOFR 지수,매우낮음
304760,HANARO KRX300,2018/08/14,엔에이치아문디자산운용,8.48,KRX 300,높음
332940,HANARO MSCI Korea TR,2019/08/28,엔에이치아문디자산운용,8.68,MSCI Korea TR Index,높음
322400,HANARO e커머스,2019/04/23,엔에이치아문디자산운용,2.34,FnGuide E커머스 지수,매우높음
322410,HANARO 고배당,2019/04/23,엔에이치아문디자산운용,10.64,FnGuide 고배당 알파 지수,높음
473640,HANARO 글로벌금채굴기업,2024/01/18,엔에이치아문디자산운용,-2.81,NYSE Arca Gold Miners Index (Price Return),매우높음
354350,HANARO 글로벌럭셔리S&P(합성),2020/05/12,엔에이치아문디자산운용,9.24,S&P Global Luxury Index,보통
464060,HANARO 글로벌반도체TOP10 SOLACTIVE,2023/08/01,엔에이치아문디자산운용,13.32,Solactive Semiconductor Top 10 Index PR,보통
461340,HANARO 글로벌생성형AI액티브,2023/07/11,엔에이치아문디자산운용,14.75,Solactive United States Technology 100 Index(Price Return),보통
424460,HANARO 글로벌워터MSCI(합성),2022/04/19,엔에이치아문디자산운용,4.87,MSCI ACWI IMI Water ESG Filtered (Price Return),보통
401590,HANARO 글로벌탄소배출권선물ICE(합성),2021/09/30,엔에이치아문디자산운용,-0.7,ICE Global Carbon Futures Index(Excess Return),보통
0040S0,HANARO 글로벌피지컬AI액티브,2025/04/22,엔에이치아문디자산운용,9.2,Solactive Physical AI Index,낮음
314700,HANARO 농업융복합산업,2018/12/21,엔에이치아문디자산운용,10.41,FnGuide 농업융복합산업 지수(시장가격),높음
486830,HANARO 머니마켓액티브,2024/07/16,엔에이치아문디자산운용,0.21,KIS-NH Amundi MMF지수,매우낮음
432840,HANARO 미국S&P500,2022/06/08,엔에이치아문디자산운용,6.89,S&P 500,매우낮음
498050,HANARO 바이오코리아액티브,2024/11/26,엔에이치아문디자산운용,13.83,iSelect K-바이오헬스케어,매우높음
476260,HANARO 반도체핵심공정주도주,2024/02/27,엔에이치아문디자산운용,2.15,FnGuide 반도체 핵심공정 지수,매우높음
434730,HANARO 원자력iSelect,2022/06/28,엔에이치아문디자산운용,6.56,iSelect 원자력지수 (시장가격),매우높음
491820,HANARO 전력설비투자,2024/09/24,엔에이치아문디자산운용,9.29,iSelect 전력설비투자 지수,매우높음
461500,HANARO 종합채권(AA-이상)액티브,2023/10/26,엔에이치아문디자산운용,0.24,KAP 종합채권 총수익지수(AA-이상),매우낮음
482870,HANARO 주주가치성장코리아액티브,2024/06/11,엔에이치아문디자산운용,9.21,iSelect 주주가치성장 지수,높음
495750,HANARO 코리아밸류업,2024/11/04,엔에이치아문디자산운용,7.55,코리아 밸류업 지수,높음
304770,HANARO 코스닥150,2018/08/14,엔에이치아문디자산운용,9.42,코스닥 150,보통
306530,HANARO 코스닥150선물레버리지,2018/09/18,엔에이치아문디자산운용,18.83,F-코스닥150 지수,매우높음
486790,HANARO 코스닥150선물레버리지1.5X,2024/07/09,엔에이치아문디자산운용,14.14,F-코스닥150 지수,매우높음
375760,HANARO 탄소효율그린뉴딜,2021/02/05,엔에이치아문디자산운용,7.91,KRX/S&P 탄소효율 그린뉴딜지수,보통
491700,HK 200,2024/09/10,흥국자산운용,8.3,코스피 200,보통
0000Y0,HK 26-12 회사채(AA-이상)액티브,2024/12/24,흥국자산운용,0.31,KAP 26-12 크레딧 채권 총수익지수(AA-이상),매우낮음
215620,HK S&P코리아로우볼,2015/03/25,흥국자산운용,7.97,S&P Korea 저변동성 지수,보통
391670,HK 베스트일레븐액티브,2021/07/06,흥국자산운용,0.96,코스피 200,높음
472920,HK 종합채권(AA-이상)액티브,2023/11/28,흥국자산운용,0.23,KAP 종합채권 AA- 이상 지수(총수익),매우낮음
472840,ITF 200,2023/12/21,아이비케이자산운용,8.33,코스피 200,보통
0005G0,ITF K-AI반도체코어테크,2025/01/21,아이비케이자산운용,9.48,FnGuide K-AI반도체 코어테크 지수,매우높음
483570,KCGI 미국S&P500 TOP10,2024/05/28,케이씨지아이자산운용,9.6,S&P500 Top10 25% Capped Index(PR),매우낮음
407170,KCGI 스마트커머스액티브,2021/11/16,케이씨지아이자산운용,4.16,FnGuide 스마트커머스 지수,보통
407160,KCGI 테크미디어텔레콤액티브,2021/11/16,케이씨지아이자산운용,2.08,FnGuide TMT 지수,보통
069660,KIWOOM 200,2002/10/14,키움투자자산운용,8.41,코스피 200,보통
294400,KIWOOM 200TR,2018/04/23,키움투자자산운용,8.4,코스피 200 TR,보통
253250,KIWOOM 200선물레버리지,2016/09/12,키움투자자산운용,16.64,코스피 200 선물지수,매우높음
253240,KIWOOM 200선물인버스,2016/09/12,키움투자자산운용,-7.75,코스피 200 선물지수,보통
253230,KIWOOM 200선물인버스2X,2016/09/22,키움투자자산운용,-15.15,코스피 200 선물지수,매우높음
467620,KIWOOM 25-09 미국채권(AA-이상)액티브,2023/10/17,키움투자자산운용,1.93,USD AA3 Above Select September 2025 Maturity Index(Total Return),매우낮음
489870,KIWOOM 25-09 회사채(AA-이상)액티브,2024/09/24,키움투자자산운용,0.24,KIS 2509 만기형 크레딧 종합채권 지수(AA-이상) (총수익 지수),매우낮음
464240,KIWOOM 26-09회사채(AA-이상)액티브,2023/08/17,키움투자자산운용,0.29,KIS 2609 만기형 크레딧 종합채권 지수(AA-이상)(총수익지수),매우낮음
458210,KIWOOM CD금리액티브(합성),2023/05/23,키움투자자산운용,0.21,FnGuide CD91일 금리투자 지수(총수익),매우낮음
460280,KIWOOM Fn유전자혁신기술,2023/06/27,키움투자자산운용,2.69,FnGuide 유전자혁신기술 지수(시장가격),보통
488200,KIWOOM K-2차전지북미공급망,2024/07/23,키움투자자산운용,12.88,Solactive K-Battery North America Supply Chain 지수,매우높음
488210,KIWOOM K-반도체북미공급망,2024/07/23,키움투자자산운용,-0.06,Solactive K-Semiconductor North America Supply Chain 지수,매우높음
469790,KIWOOM K-테크TOP10,2023/10/31,키움투자자산운용,5.46,Solactive K-TechTOP10 Index(PR),매우높음
100910,KIWOOM KRX100,2008/01/23,키움투자자산운용,8.73,KRX 100,보통
435530,KIWOOM TDF2030액티브,2022/06/30,키움투자자산운용,3.15,Dow Jones Target 2030 Index (Total Return),매우낮음
435540,KIWOOM TDF2040액티브,2022/06/30,키움투자자산운용,4.3,Dow Jones Target 2040 Index (Total Return),매우낮음
435550,KIWOOM TDF2050액티브,2022/06/30,키움투자자산운용,5.62,Dow Jones Target 2050 Index (Total Return),매우낮음
104530,KIWOOM 고배당,2008/07/29,키움투자자산운용,11.54,MKF 웰스 고배당20,매우높음
148070,KIWOOM 국고채10년,2011/10/20,키움투자자산운용,0.26,KIS 10년 국고채 지수 (총수익),매우낮음
167860,KIWOOM 국고채10년레버리지,2012/10/30,키움투자자산운용,-0.09,KIS 10년 국고채 지수 (총수익),매우낮음
471460,KIWOOM 국고채30년액티브,2023/11/07,키움투자자산운용,-0.8,KIS-키움 국고채30년 지수(총수익지수),매우낮음
114470,KIWOOM 국고채3년,2009/07/31,키움투자자산운용,0.24,KTB INDEX(시장가격),매우낮음
473490,KIWOOM 글로벌AI반도체,2023/12/21,키움투자자산운용,19.27,Solactive Global AI Semiconductor Index (Price Return),보통
489860,KIWOOM 글로벌전력GRID인프라,2024/08/27,키움투자자산운용,9.45,NASDAQ OMX Clean Edge Smart Grid Infrastructure Index,보통
394350,KIWOOM 글로벌퓨처모빌리티,2021/07/20,키움투자자산운용,9.38,MSCI ACWI IMI 퓨처모빌리티 ESG 지수(시장가격),낮음
130730,KIWOOM 단기자금,2010/07/29,키움투자자산운용,0.22,MK 머니마켓 지수(총수익),매우낮음
419890,KIWOOM 단기채권ESG액티브,2022/03/03,키움투자자산운용,0.28,KIS ESG 9M~1.5Y,매우낮음
411860,KIWOOM 독일DAX,2021/12/22,키움투자자산운용,7.38,DAX Index(PR),보통
476450,KIWOOM 머니마켓액티브,2024/02/29,키움투자자산운용,0.22,KIS-키움 MMF지수(총수익지수),매우낮음
430500,KIWOOM 물가채KIS,2022/05/31,키움투자자산운용,0.3,KIS TIPS 지수(총수익),매우낮음
426330,KIWOOM 미국ETF산업STOXX,2022/04/26,키움투자자산운용,7.79,STOXX USA ETF Industry Index (KRW),낮음
449770,KIWOOM 미국S&P500,2022/12/20,키움투자자산운용,7.02,S&P 500,매우낮음
449780,KIWOOM 미국S&P500(H),2022/12/20,키움투자자산운용,5.06,S&P 500,낮음
453080,KIWOOM 미국나스닥100(H),2023/03/14,키움투자자산운용,5.92,NASDAQ 100,낮음
460270,KIWOOM 미국달러SOFR금리액티브(합성),2023/06/20,키움투자자산운용,1.98,Solactive SOFR Daily Total Return Index,매우낮음
138230,KIWOOM 미국달러선물,2011/02/24,키움투자자산운용,1.96,미국달러선물지수,낮음
225800,KIWOOM 미국달러선물레버리지,2015/08/10,키움투자자산운용,4.11,미국달러선물지수,보통
139660,KIWOOM 미국달러선물인버스,2011/04/01,키움투자자산운용,-1.87,미국달러선물지수,매우낮음
230480,KIWOOM 미국달러선물인버스2X,2015/11/16,키움투자자산운용,-3.73,미국달러선물지수,보통
373790,KIWOOM 미국방어배당성장나스닥,2020/12/24,키움투자자산운용,2.67,Nasdaq US Low Volatility Dividend Achievers Index,낮음
483030,KIWOOM 미국블록버스터바이오테크의약품+,2024/05/28,키움투자자산운용,2.08,Solactive Blockbuster Biotech Drugs Index(PR),높음
459790,KIWOOM 미국성장기업30액티브,2023/06/27,키움투자자산운용,6.69,MSCI USA Index(Price Return),낮음
498270,KIWOOM 미국양자컴퓨팅,2024/12/17,키움투자자산운용,12.37,Solactive U.S. Quantum Computing Index(PR),매우높음
474800,KIWOOM 미국원유에너지기업,2024/01/16,키움투자자산운용,-0.31,MSCI US IMI Energy 25/50 Index(Price Return),매우높음
104520,KIWOOM 블루칩,2008/07/29,키움투자자산운용,6.77,MKF 블루칩,보통
0015E0,KIWOOM 엔비디아미국30년국채혼합액티브(H),2025/02/11,키움투자자산운용,3.69,Bloomberg Blended NVIDIA and US Long Treasury Bond Index,낮음
483020,KIWOOM 의료AI,2024/05/28,키움투자자산운용,7.87,FnGuide 의료AI 지수,높음
200250,KIWOOM 인도Nifty50(합성),2014/06/26,키움투자자산운용,3.0,Nifty 50 Index,매우낮음
454780,KIWOOM 종합채권(AA-이상)액티브,2023/04/11,키움투자자산운용,0.27,KIS 종합 채권시장지수(AA-이상)(총수익지수),매우낮음
441330,KIWOOM 차이나A50커넥트MSCI,2022/09/20,키움투자자산운용,7.5,MSCI China A50 Connect Index,보통
454180,KIWOOM 차이나내수소비TOP CSI,2023/04/04,키움투자자산운용,4.86,CSI SH-HK-SZ Consumer Top Index,낮음
496090,KIWOOM 코리아밸류업,2024/11/04,키움투자자산운용,6.88,코리아 밸류업 지수,높음
316670,KIWOOM 코스닥150,2019/01/22,키움투자자산운용,9.2,코스닥 150,보통
291630,KIWOOM 코스닥150선물레버리지,2018/03/16,키움투자자산운용,18.67,F-코스닥150 지수,매우높음
291620,KIWOOM 코스닥150선물인버스,2018/03/16,키움투자자산운용,-8.66,F-코스닥150 지수,높음
153270,KIWOOM 코스피100,2012/02/28,키움투자자산운용,8.15,코스피 100,보통
122260,KIWOOM 통안채1년,2010/01/14,키움투자자산운용,0.24,MK 통안채지수(총수익),매우낮음
0015F0,KIWOOM 팔란티어미국30년국채혼합액티브(H),2025/02/11,키움투자자산운용,1.17,Bloomberg Blended PALANTIR and US Long Treasury Bond Index,보통
069500,KODEX 200,2002/10/14,삼성자산운용,8.31,코스피 200,보통
226980,KODEX 200 중소형,2015/09/01,삼성자산운용,9.03,코스피 200 중소형주지수,높음
337160,KODEX 200ESG,2019/11/14,삼성자산운용,8.64,코스피 200 ESG 지수,높음
363580,KODEX 200IT TR,2020/09/25,삼성자산운용,8.22,코스피200 정보기술 TR,매우높음
278530,KODEX 200TR,2017/11/21,삼성자산운용,8.34,코스피 200 TR,보통
337150,KODEX 200exTOP,2019/11/14,삼성자산운용,7.41,코스피 200 초대형제외 지수,높음
223190,KODEX 200가치저변동,2015/06/26,삼성자산운용,9.91,코스피 200 가치저변동성,높음
252650,KODEX 200동일가중,2016/09/20,삼성자산운용,7.41,코스피 200 동일가중지수,보통
360140,KODEX 200롱코스닥150숏선물,2020/08/21,삼성자산운용,-0.92,코스피200 롱 100% 코스닥150 숏 100% 선물지수,낮음
284430,KODEX 200미국채혼합,2017/11/30,삼성자산운용,4.34,코스피 200 미국채 혼합지수,매우낮음
252670,KODEX 200선물인버스2X,2016/09/22,삼성자산운용,-15.13,코스피 200 선물지수,매우높음
494890,KODEX 200액티브,2024/10/29,삼성자산운용,8.41,코스피 200,보통
498400,KODEX 200타겟위클리커버드콜,2024/12/03,삼성자산운용,6.19,코스피 200 타겟 위클리 커버드콜 지수,보통
476810,KODEX 25-11 은행채(AA-이상)PLUS액티브,2024/03/05,삼성자산운용,0.24,"KAP 25-11 은행채 PLUS 지수(AA-이상, 총수익)",매우낮음
467940,KODEX 25-11 회사채(A+이상)액티브,2023/10/11,삼성자산운용,0.14,KAP 25-11 회사채 총수익 지수,매우낮음
491080,KODEX 25-12 은행채(AAA)액티브,2024/09/10,삼성자산운용,0.22,KAP 25-12 은행채 총수익 지수,매우낮음
473290,KODEX 26-12 회사채(AA-이상)액티브,2023/12/12,삼성자산운용,0.37,KAP 26-12 회사채 총수익 지수(AA-이상),매우낮음
0007F0,KODEX 27-12 회사채(AA-이상)액티브,2025/01/14,삼성자산운용,0.44,KAP 27-12 회사채 총수익 지수(AA-이상),매우낮음
305720,KODEX 2차전지산업,2018/09/12,삼성자산운용,17.22,FnGuide 2차전지 산업 지수,매우높음
462330,KODEX 2차전지산업레버리지,2023/07/04,삼성자산운용,34.39,FnGuide 2차전지 산업 지수,매우높음
461950,KODEX 2차전지핵심소재10,2023/07/04,삼성자산운용,23.31,FnGuide 2차전지핵심소재10 지수,매우높음
457690,KODEX 33-06 국고채액티브,2023/05/31,삼성자산운용,0.49,KAP 33-06 국고채 총수익 지수,매우낮음
271060,KODEX 3대농산물선물(H),2017/06/13,삼성자산운용,-4.2,S&P GSCI Grains Select Index ER,보통
457700,KODEX 53-09 국고채액티브,2023/05/31,삼성자산운용,-0.53,KAP 53-09 국고채 총수익 지수,매우낮음
395160,KODEX AI반도체,2021/07/30,삼성자산운용,9.46,FnGuide AI반도체지수,매우높음
471990,KODEX AI반도체핵심장비,2023/11/21,삼성자산운용,8.93,iSelect AI 반도체핵심장비 지수,매우높음
487240,KODEX AI전력핵심설비,2024/07/09,삼성자산운용,9.52,iSelect AI 전력핵심설비 지수(Price Return),매우높음
481050,KODEX CD1년금리플러스액티브(합성),2024/04/23,삼성자산운용,0.0,KAP 1년은행 CD+추가금리 지수(총수익지수),매우낮음
459580,KODEX CD금리액티브(합성),2023/06/08,삼성자산운용,0.22,KAP 양도성예금증서(CD)금리지수(총수익지수),매우낮음
439860,KODEX ESG종합채권(A-이상)액티브,2022/08/23,삼성자산운용,0.26,"KAP ESG 종합채권지수(A- 이상, 총수익)",매우낮음
266370,KODEX IT,2017/03/28,삼성자산운용,8.02,KRX 정보기술,매우높음
368680,KODEX K-뉴딜디지털플러스,2020/11/10,삼성자산운용,10.16,FnGuide K-뉴딜 디지털 플러스 지수,매우높음
423160,KODEX KOFR금리액티브(합성),2022/04/26,삼성자산운용,0.23,KOFR 지수,매우낮음
292190,KODEX KRX300,2018/03/26,삼성자산운용,8.81,KRX 300,보통
306950,KODEX KRX300레버리지,2018/10/16,삼성자산운용,16.96,KRX 300,매우높음
229720,KODEX KTOP30,2015/10/14,삼성자산운용,9.05,KTOP 30,높음
0080G0,KODEX K방산TOP10,2025/07/15,삼성자산운용,,iSelect K방산 TOP10 지수(Price Return),매우높음
291890,KODEX MSCI EM선물(H),2018/03/23,삼성자산운용,5.29,iEdge Emerging Markets Futures Index(ER),낮음
289040,KODEX MSCI KOREA ESG유니버설,2018/02/07,삼성자산운용,9.3,MSCI Korea ESG Universal Capped Index,보통
156080,KODEX MSCI Korea,2012/04/30,삼성자산운용,8.57,MSCI Korea Index,보통
278540,KODEX MSCI Korea TR,2017/11/09,삼성자산운용,8.77,MSCI Korea TR Index,보통
251350,KODEX MSCI선진국,2016/08/17,삼성자산운용,6.1,MSCI World,매우낮음
269420,KODEX S&P글로벌인프라(합성),2017/05/16,삼성자산운용,2.67,S&P Global Infrastructure Index,낮음
433970,KODEX TDF2030액티브,2022/06/30,삼성자산운용,2.68,Samsung Korea Target Date 2030 Index (Price Return),매우낮음
433980,KODEX TDF2040액티브,2022/06/30,삼성자산운용,3.84,Samsung Korea Target Date 2040 Index (Price Return),매우낮음
434060,KODEX TDF2050액티브,2022/06/30,삼성자산운용,4.73,Samsung Korea Target Date 2050 Index (Price Return),매우낮음
329650,KODEX TRF3070,2019/07/04,삼성자산운용,2.24,FnGuide TRF 3070 지수,매우낮음
329660,KODEX TRF5050,2019/07/04,삼성자산운용,3.03,FnGuide TRF 5050 지수,매우낮음
329670,KODEX TRF7030,2019/07/04,삼성자산운용,4.05,FnGuide TRF 7030 지수,매우낮음
395170,KODEX Top10동일가중,2021/07/30,삼성자산운용,5.53,FnGuide TOP10 동일가중 지수,보통
315930,KODEX Top5PlusTR,2019/01/22,삼성자산운용,9.4,FnGuide TOP 5 Plus Total Return 지수,높음
261220,KODEX WTI원유선물(H),2016/12/27,삼성자산운용,-6.56,S&P GSCI Crude Oil Index ER,매우높음
271050,KODEX WTI원유선물인버스(H),2017/06/13,삼성자산운용,5.6,S&P GSCI Crude Oil Index ER,매우높음
468370,KODEX iShares미국인플레이션국채액티브,2023/10/19,삼성자산운용,2.66,ICE U.S. Treasury Inflation Linked Bond Index(Total Return),매우낮음
468630,KODEX iShares미국투자등급회사채액티브,2023/10/19,삼성자산운용,2.15,Markit iBoxx USD Liquid Investment Grade Index(Total Return),매우낮음
468380,KODEX iShares미국하이일드액티브,2023/10/19,삼성자산운용,2.42,ICE BofAML US HY Constrained Index(Total Return),매우낮음
275290,KODEX 가치주,2017/07/11,삼성자산운용,9.54,MSCI Korea IMI Enhanced Value Capped,높음
117700,KODEX 건설,2009/10/30,삼성자산운용,-4.06,KRX 건설,높음
300950,KODEX 게임산업,2018/07/24,삼성자산운용,-0.88,FnGuide 게임 산업 지수,매우높음
266390,KODEX 경기소비재,2017/03/28,삼성자산운용,5.82,KRX 경기소비재,보통
279530,KODEX 고배당주,2017/10/17,삼성자산운용,9.93,FnGuide 고배당 Plus 지수,높음
132030,KODEX 골드선물(H),2010/10/01,삼성자산운용,-1.59,S&P GSCI Gold Index(TR),낮음
280940,KODEX 골드선물인버스(H),2017/11/09,삼성자산운용,2.38,S&P GSCI GOLD Index Excess Return,낮음
138910,KODEX 구리선물(H),2011/03/15,삼성자산운용,12.83,S&P GSCI North American Copper Index(TR),매우높음
471230,KODEX 국고채10년액티브,2023/11/14,삼성자산운용,0.15,KAP 국고채 10년 지수(TR),매우낮음
439870,KODEX 국고채30년액티브,2022/08/23,삼성자산운용,-0.49,KAP 국고채 30년 총수익 지수,매우낮음
114260,KODEX 국고채3년,2009/07/29,삼성자산운용,0.18,MKF 국고채지수(총수익),매우낮음
152380,KODEX 국채선물10년,2012/01/20,삼성자산운용,0.07,10년국채선물지수,매우낮음
176950,KODEX 국채선물10년인버스,2013/05/31,삼성자산운용,0.37,10년국채선물지수,매우낮음
292770,KODEX 국채선물3년인버스,2018/04/13,삼성자산운용,0.16,국채선물지수,매우낮음
276990,KODEX 글로벌로봇(합성),2017/08/17,삼성자산운용,8.61,ROBO Global Robotics & Automation UCITS Price Return Index,낮음
476070,KODEX 글로벌비만치료제TOP2 Plus,2024/02/14,삼성자산운용,6.37,iSelect 글로벌 비만치료제TOP2 Plus 지수(PR),매우높음
0064K0,KODEX 금액티브,2025/06/17,삼성자산운용,0.15,Bloomberg Gold Spot NY 4pm USD Index,보통
498410,KODEX 금융고배당TOP10타겟위클리커버드콜,2024/12/17,삼성자산운용,11.8,코스피 200 금융 고배당 TOP 10 타겟 분배 위클리 커버드콜 지수,매우높음
102960,KODEX 기계장비,2008/05/29,삼성자산운용,2.66,KRX 기계장비,매우높음
404260,KODEX 기후변화솔루션,2021/10/29,삼성자산운용,6.42,KRX 기후변화 솔루션지수,높음
273140,KODEX 단기변동금리부채권액티브,2017/06/29,삼성자산운용,0.19,KAP 단기변동금리부은행채권지수,매우낮음
153130,KODEX 단기채권,2012/02/22,삼성자산운용,0.22,KRW Cash 지수(총수익),매우낮음
214980,KODEX 단기채권PLUS,2015/03/03,삼성자산운용,0.21,KRW Cash PLUS 지수(총수익),매우낮음
487950,KODEX 대만테크고배당다우존스,2024/07/23,삼성자산운용,4.13,Dow Jones Taiwan Technology Dividend 30 Index(TWD)(PR),보통
122630,KODEX 레버리지,2010/02/22,삼성자산운용,16.6,코스피 200,매우높음
445290,KODEX 로봇액티브,2022/11/15,삼성자산운용,7.23,iSelect K-로봇테마 지수,매우높음
488770,KODEX 머니마켓액티브,2024/08/06,삼성자산운용,0.23,KAP MMF 지수(TR),매우낮음
321410,KODEX 멀티에셋하이인컴(H),2019/06/05,삼성자산운용,0.7,Morningstar Multi-Asset High Income 10% Capped Index,보통
337120,KODEX 멀티팩터,2019/11/14,삼성자산운용,7.38,FnGuide 멀티팩터 지수,낮음
401470,KODEX 메타버스액티브,2021/10/13,삼성자산운용,-2.25,FnGuide K-메타버스 지수,높음
244620,KODEX 모멘텀Plus,2016/05/13,삼성자산운용,6.84,FnGuide 모멘텀 Plus 지수,높음
275280,KODEX 모멘텀주,2017/07/11,삼성자산운용,4.26,MSCI Korea IMI Momentum Capped,높음
308620,KODEX 미국10년국채선물,2018/10/19,삼성자산운용,1.87,S&P 10-Year U.S. Treasury Note Futures KRW(ER),매우낮음
484790,KODEX 미국30년국채액티브(H),2024/06/18,삼성자산운용,-1.3,KEDI-KAP 미국 국채 20+ 지수(TR),낮음
304660,KODEX 미국30년국채울트라선물(H),2018/09/12,삼성자산운용,-1.01,S&P Ultra T-Bond Futures Index(ER),낮음
304670,KODEX 미국30년국채울트라선물인버스(H),2018/09/12,삼성자산운용,1.08,S&P Ultra T-Bond Futures Index(ER),낮음
481060,KODEX 미국30년국채타겟커버드콜(합성 H),2024/04/30,삼성자산운용,-1.23,Bloomberg U.S.Treasury 20+ Year(TLT)+ 12% Premium Covered Call index(TR),낮음
0041D0,KODEX 미국AI소프트웨어TOP10,2025/04/22,삼성자산운용,8.26,iSelect 미국 AI 소프트웨어 TOP10 지수(PR),보통
487230,KODEX 미국AI전력핵심인프라,2024/07/09,삼성자산운용,13.09,iSelect 미국AI전력핵심인프라 지수(Price Return),보통
485540,KODEX 미국AI테크TOP10,2024/06/25,삼성자산운용,11.2,KEDI 미국AI테크 TOP10 지수(PR),낮음
483280,KODEX 미국AI테크TOP10타겟커버드콜,2024/05/28,삼성자산운용,9.32,KEDI 미국 AI 테크 TOP10+15%프리미엄 지수(Total Return),매우낮음
428560,KODEX 미국ETF산업Top10 Indxx,2022/05/17,삼성자산운용,7.1,Indxx US ETF Industry Top10 Index(Price Return),낮음
379800,KODEX 미국S&P500,2021/04/09,삼성자산운용,7.1,S&P 500,매우낮음
449180,KODEX 미국S&P500(H),2022/12/02,삼성자산운용,5.12,S&P 500,낮음
453660,KODEX 미국S&P500경기소비재,2023/03/21,삼성자산운용,6.47,S&P Consumer Discretionary Select Sector Index(Price Return),보통
453650,KODEX 미국S&P500금융,2023/03/21,삼성자산운용,6.99,S&P Financial Select Sector Index(Price Return),보통
0005A0,KODEX 미국S&P500데일리커버드콜OTM,2025/01/07,삼성자산운용,5.77,S&P 500 Covered Call 1% OTM Daily Index(TR),매우낮음
276970,KODEX 미국S&P500배당귀족커버드콜(합성 H),2017/08/10,삼성자산운용,-0.96,S&P500 Dividend Aristocrats Covered Call(7.2% Premium) Index,매우낮음
0026E0,KODEX 미국S&P500버퍼3월액티브,2025/03/25,삼성자산운용,4.03,S&P500 10% Buffered Index March Series (USD) TR,매우낮음
0068M0,KODEX 미국S&P500버퍼6월액티브,2025/06/24,삼성자산운용,,S&P500 10% Buffered Index June Series (USD) TR,매우낮음
200030,KODEX 미국S&P500산업재(합성),2014/06/12,삼성자산운용,8.7,S&P Select Sector Industrial Index,낮음
219480,KODEX 미국S&P500선물(H),2015/05/29,삼성자산운용,5.09,S&P 500 Futures Total Return Index,낮음
0041E0,KODEX 미국S&P500액티브,2025/04/22,삼성자산운용,8.47,S&P 500,매우낮음
218420,KODEX 미국S&P500에너지(합성),2015/04/28,삼성자산운용,0.86,S&P Select Sector Energy Index,매우높음
463640,KODEX 미국S&P500유틸리티,2023/08/01,삼성자산운용,4.78,S&P Utilities Select Sector Index(Price Return),낮음
463690,KODEX 미국S&P500커뮤니케이션,2023/08/01,삼성자산운용,4.73,S&P Communication Services Select Sector Index(Price Return),낮음
463680,KODEX 미국S&P500테크놀로지,2023/08/01,삼성자산운용,10.24,S&P Technology Select Sector Index(Price Return),낮음
453630,KODEX 미국S&P500필수소비재,2023/03/21,삼성자산운용,2.94,S&P Consumer Staples Select Sector Index(Price Return),보통
453640,KODEX 미국S&P500헬스케어,2023/03/21,삼성자산운용,1.29,S&P Health Care Select Sector Index(Price Return),보통
185680,KODEX 미국S&P바이오(합성),2013/10/31,삼성자산운용,9.71,S&P Biotechnology Select Industry Index,높음
0028X0,KODEX 미국금융테크액티브,2025/05/27,삼성자산운용,15.7,iSelect 미국 차세대 파이낸셜 테크 지수(시장가격),매우높음
379810,KODEX 미국나스닥100,2021/04/09,삼성자산운용,7.98,NASDAQ 100,매우낮음
449190,KODEX 미국나스닥100(H),2022/12/02,삼성자산운용,5.91,NASDAQ 100,낮음
494300,KODEX 미국나스닥100데일리커버드콜OTM,2024/10/22,삼성자산운용,6.11,NASDAQ-100 Daily Covered Call 101 Index(TR),매우낮음
409820,KODEX 미국나스닥100레버리지(합성 H),2021/12/09,삼성자산운용,12.2,NASDAQ 100,높음
304940,KODEX 미국나스닥100선물(H),2018/08/30,삼성자산운용,5.72,NASDAQ 100,낮음
409810,KODEX 미국나스닥100선물인버스(H),2021/12/09,삼성자산운용,-5.41,NASDAQ 100,낮음
411420,KODEX 미국나스닥AI테크액티브,2021/12/22,삼성자산운용,12.31,Nasdaq CB Insights Metaverse US Index (Price Return),보통
455030,KODEX 미국달러SOFR금리액티브(합성),2023/04/04,삼성자산운용,2.0,Bloomberg SOFR Daily Total Return Index,매우낮음
261240,KODEX 미국달러선물,2016/12/27,삼성자산운용,2.04,미국달러선물지수,낮음
261250,KODEX 미국달러선물레버리지,2016/12/27,삼성자산운용,3.83,미국달러선물지수,보통
261270,KODEX 미국달러선물인버스,2016/12/27,삼성자산운용,-1.76,미국달러선물지수,매우낮음
261260,KODEX 미국달러선물인버스2X,2016/12/27,삼성자산운용,-3.76,미국달러선물지수,보통
280930,KODEX 미국러셀2000(H),2017/11/09,삼성자산운용,7.12,FTSE Russell 2000 Index,높음
0048J0,KODEX 미국머니마켓액티브,2025/05/13,삼성자산운용,1.64,KAP 미국 머니마켓 지수,낮음
390390,KODEX 미국반도체,2021/06/30,삼성자산운용,13.43,MVIS US Listed Semiconductor 25 Index,낮음
489250,KODEX 미국배당다우존스,2024/08/13,삼성자산운용,4.07,Dow Jones U.S. Dividend 100 Price Return Index,낮음
483290,KODEX 미국배당다우존스타겟커버드콜,2024/05/28,삼성자산운용,1.75,Dow Jones U.S. Dividend 100 10% Premium Covered Call Index(Total Return),낮음
441640,KODEX 미국배당커버드콜액티브,2022/09/27,삼성자산운용,4.83,S&P 500,매우낮음
352560,KODEX 미국부동산리츠(H),2020/05/13,삼성자산운용,0.59,Dow Jones U.S. Real Estate PR Index,낮음
314250,KODEX 미국빅테크10(H),2019/01/10,삼성자산운용,4.96,NYSE U.S. Big TECH 10 INDEX,보통
473460,KODEX 미국서학개미,2023/12/27,삼성자산운용,13.63,iSelect 서학개미 지수(PR),보통
390400,KODEX 미국스마트모빌리티S&P,2021/06/30,삼성자산운용,15.18,S&P Kensho Smart Transportation,높음
437080,KODEX 미국종합채권ESG액티브(H),2022/08/09,삼성자산운용,-0.11,Bloomberg MSCI US Aggregate 2bn ex Securitized SRI Capped Index(Total Return),매우낮음
419420,KODEX 미국클린에너지나스닥,2022/03/22,삼성자산운용,15.72,Nasdaq Clean Edge Green Energy Index (Price Return),매우높음
491090,KODEX 미국테크TOP3플러스,2024/09/10,삼성자산운용,12.27,KEDI 미국테크TOP3플러스 지수(Price Return),매우낮음
0038A0,KODEX 미국휴머노이드로봇,2025/04/15,삼성자산운용,11.69,iSelect 미국 휴머노이드 로봇 지수(Price Return),보통
266360,KODEX 미디어&엔터테인먼트,2017/03/28,삼성자산운용,-1.82,KRX 미디어&엔터테인먼트,매우높음
244580,KODEX 바이오,2016/05/13,삼성자산운용,7.65,FnGuide 바이오 지수,높음
091160,KODEX 반도체,2006/06/27,삼성자산운용,6.06,KRX 반도체,매우높음
494310,KODEX 반도체레버리지,2024/10/22,삼성자산운용,12.19,KRX 반도체,매우높음
325020,KODEX 배당가치,2019/05/31,삼성자산운용,10.2,FnGuide SLV 배당가치 지수,높음
211900,KODEX 배당성장,2014/12/17,삼성자산운용,10.11,코스피 배당성장 50,높음
237370,KODEX 배당성장채권혼합,2016/01/27,삼성자산운용,2.96,배당성장채권혼합지수,매우낮음
244670,KODEX 밸류Plus,2016/05/13,삼성자산운용,8.26,FnGuide 벨류 Plus 지수,높음
140700,KODEX 보험,2011/04/26,삼성자산운용,12.6,KRX 보험,매우높음
102780,KODEX 삼성그룹,2008/05/21,삼성자산운용,8.82,삼성그룹,보통
213610,KODEX 삼성그룹밸류,2015/01/08,삼성자산운용,8.35,WISE 삼성그룹 밸류 인덱스,보통
448330,KODEX 삼성전자채권혼합,2022/11/29,삼성자산운용,3.69,Wise 삼성전자채권혼합 지수,매우낮음
325010,KODEX 성장주,2019/05/31,삼성자산운용,6.29,FnGuide 성장 지수(PR),보통
385510,KODEX 신재생에너지액티브,2021/05/25,삼성자산운용,4.4,FnGuide K-신재생에너지 플러스 지수,높음
446690,KODEX 아시아AI반도체exChina액티브,2023/02/01,삼성자산운용,8.31,iSelect 아시아반도체 제조동맹 지수(시장가격),보통
437070,KODEX 아시아달러채권ESG플러스액티브,2022/08/09,삼성자산운용,2.5,Bloomberg MSCI EM Asia Investment Grade Credit SRI Index(Total Return),매우낮음
117460,KODEX 에너지화학,2009/10/12,삼성자산운용,13.51,KRX 에너지화학,매우높음
275300,KODEX 우량주,2017/07/11,삼성자산운용,7.03,MSCI Korea IMI Quality Capped,보통
140710,KODEX 운송,2011/04/26,삼성자산운용,5.36,KRX 운송,보통
395150,KODEX 웹툰&드라마,2021/07/30,삼성자산운용,-5.03,FnGuide 웹툰&드라마 지수,매우높음
456250,KODEX 유럽명품TOP10 STOXX,2023/04/25,삼성자산운용,6.05,STOXX Europe Luxury 10 Index(Price Return),보통
400570,KODEX 유럽탄소배출권선물ICE(H),2021/09/30,삼성자산운용,-5.37,ICE EUA Carbon Futures Index(Excess Return),보통
144600,KODEX 은선물(H),2011/07/18,삼성자산운용,2.14,S&P GSCI Silver Index(TR),매우높음
091170,KODEX 은행,2006/06/27,삼성자산운용,13.59,KRX 은행,매우높음
453810,KODEX 인도Nifty50,2023/04/21,삼성자산운용,2.71,Nifty 50 Index,매우낮음
453820,KODEX 인도Nifty50레버리지(합성),2023/04/21,삼성자산운용,3.4,Nifty 50 Index,보통
0000H0,KODEX 인도Nifty미드캡100,2025/04/08,삼성자산운용,4.01,Nifty Midcap 100 Index(PR),낮음
477730,KODEX 인도타타그룹,2024/05/08,삼성자산운용,0.56,Nifty India Corporate Group Index - Tata Group 25% Cap(PR),낮음
114800,KODEX 인버스,2009/09/16,삼성자산운용,-7.67,코스피 200 선물지수,보통
101280,KODEX 일본TOPIX100,2008/02/20,삼성자산운용,-1.04,TOPIX100,낮음
352540,KODEX 일본부동산리츠(H),2020/05/13,삼성자산운용,1.31,Tokyo Stock Exchange REIT Index,매우낮음
091180,KODEX 자동차,2006/06/27,삼성자산운용,5.35,KRX 자동차,매우높음
385520,KODEX 자율주행액티브,2021/05/25,삼성자산운용,6.57,FnGuide K-미래차 지수,높음
363570,KODEX 장기종합채권(AA-이상)액티브,2020/09/25,삼성자산운용,-0.09,"KAP 한국장기종합채권지수(AA-이상, 총수익)",매우낮음
273130,KODEX 종합채권(AA-이상)액티브,2017/06/29,삼성자산운용,0.21,KAP 한국종합채권지수,매우낮음
102970,KODEX 증권,2008/05/29,삼성자산운용,9.59,KRX 증권,매우높음
419430,KODEX 차이나2차전지MSCI(합성),2022/03/22,삼성자산운용,9.79,MSCI China all shares IMI Select Batteries Index(Price Return),보통
169950,KODEX 차이나A50,2013/01/21,삼성자산운용,6.61,FTSE China A50 Index,낮음
428510,KODEX 차이나AI테크액티브,2022/05/17,삼성자산운용,12.98,Bloomberg Greater China Media & Tech Index(Price Return),보통
283580,KODEX 차이나CSI300,2017/12/13,삼성자산운용,7.35,CSI 300 Index,낮음
099140,KODEX 차이나H,2007/10/10,삼성자산운용,5.94,Hang Seng China H,보통
204450,KODEX 차이나H레버리지(H),2014/09/12,삼성자산운용,8.14,Hang Seng China H,매우높음
415340,KODEX 차이나과창판STAR50(합성),2022/01/13,삼성자산운용,6.18,STAR 50 Index(Price Return),낮음
256750,KODEX 차이나심천ChiNext(합성),2016/11/08,삼성자산운용,12.76,SZSE ChiNext Price Index,보통
0065G0,KODEX 차이나테크TOP10,2025/06/17,삼성자산운용,2.92,Hang Seng China Tech Top 10 Select Index (HKD) (Price Return),보통
372330,KODEX 차이나항셍테크,2020/12/16,삼성자산운용,7.31,Hang Seng TECH Index,높음
0048K0,KODEX 차이나휴머노이드로봇,2025/05/13,삼성자산운용,8.56,Solactive China Humanoid Robotics Index (CNH) (Price Return),매우높음
117680,KODEX 철강,2009/10/30,삼성자산운용,21.22,KRX 철강,매우높음
279540,KODEX 최소변동성,2017/10/17,삼성자산운용,9.8,KRX 최소변동성지수,낮음
445150,KODEX 친환경조선해운액티브,2022/11/15,삼성자산운용,-4.16,FnGuide K-친환경 선박 지수,매우높음
495850,KODEX 코리아밸류업,2024/11/04,삼성자산운용,7.03,코리아 밸류업 지수,보통
373490,KODEX 코리아혁신성장액티브,2020/12/24,삼성자산운용,8.04,FnGuide K-이노베이션 지수,보통
229200,KODEX 코스닥150,2015/10/01,삼성자산운용,9.33,코스닥 150,보통
233740,KODEX 코스닥150레버리지,2015/12/17,삼성자산운용,18.88,코스닥 150,매우높음
360150,KODEX 코스닥150롱코스피200숏선물,2020/08/21,삼성자산운용,0.96,코스닥150 롱 100% 코스피200 숏 100% 선물지수,낮음
251340,KODEX 코스닥150선물인버스,2016/08/10,삼성자산운용,-8.82,F-코스닥150 지수,보통
461450,KODEX 코스닥글로벌,2023/06/29,삼성자산운용,12.91,코스닥 글로벌 지수,매우높음
226490,KODEX 코스피,2015/08/24,삼성자산운용,7.5,코스피,보통
237350,KODEX 코스피100,2016/01/27,삼성자산운용,8.13,코스피 100,보통
359210,KODEX 코스피TR,2020/07/21,삼성자산운용,7.76,코스피 TR,보통
337140,KODEX 코스피대형주,2019/11/14,삼성자산운용,7.36,코스피 대형주,보통
138920,KODEX 콩선물(H),2011/03/15,삼성자산운용,-2.83,S&P GSCI Soybeans Index(TR),보통
244660,KODEX 퀄리티Plus,2016/05/13,삼성자산운용,6.33,FnGuide 퀄리티 Plus 지수,보통
375770,KODEX 탄소효율그린뉴딜,2021/02/05,삼성자산운용,7.83,KRX/S&P 탄소효율 그린뉴딜지수,보통
459560,KODEX 테슬라밸류체인FactSet,2023/06/08,삼성자산운용,9.59,FactSet TSLA Value Chain Index(PR),보통
475080,KODEX 테슬라커버드콜채권혼합액티브,2024/01/23,삼성자산운용,0.4,KEDI 테슬라 인컴 프리미엄 밸런스드 지수(TR),낮음
266410,KODEX 필수소비재,2017/03/28,삼성자산운용,8.68,KRX 필수소비재,높음
298770,KODEX 한국대만IT프리미어,2018/06/11,삼성자산운용,10.85,한국 대만 IT 프리미어지수,보통
476800,KODEX 한국부동산리츠인프라,2024/03/05,삼성자산운용,1.52,KRX 부동산리츠인프라 지수,매우낮음
450190,KODEX 한중반도체(합성),2022/12/22,삼성자산운용,5.69,KRX CSI 한·중 반도체지수,낮음
450180,KODEX 한중전기차(합성),2022/12/22,삼성자산운용,8.98,KRX CSI 한·중 전기차지수,높음
266420,KODEX 헬스케어,2017/03/28,삼성자산운용,13.38,KRX 헬스케어,높음
364690,KODEX 혁신기술테마액티브,2020/09/29,삼성자산운용,5.97,코스피,보통
487130,KoAct AI인프라액티브,2024/07/09,삼성액티브자산운용,4.65,Solactive AI인프라 지수,높음
0074K0,KoAct K수출핵심기업TOP30액티브,2025/07/08,삼성액티브자산운용,,KEDI K수출핵심기업TOP30 지수(PR),매우높음
471040,KoAct 글로벌AI&로봇액티브,2023/11/21,삼성액티브자산운용,11.45,iSelect 글로벌AI&로봇PR지수,매우높음
0020H0,KoAct 글로벌양자컴퓨팅액티브,2025/03/11,삼성액티브자산운용,15.86,FactSet 글로벌양자컴퓨팅 PR 지수,매우높음
475070,KoAct 글로벌친환경전력인프라액티브,2024/01/18,삼성액티브자산운용,12.62,Solactive 글로벌친환경전력인프라 PR지수,보통
0015B0,KoAct 미국나스닥성장기업액티브,2025/02/25,삼성액티브자산운용,15.95,나스닥 종합주가지수,매우높음
490330,KoAct 미국뇌질환치료제액티브,2024/09/03,삼성액티브자산운용,4.86,Solactive 미국뇌질환치료제 PR 지수,높음
497780,KoAct 미국천연가스인프라액티브,2024/12/10,삼성액티브자산운용,1.57,Solactive 미국천연가스인프라 PR 지수,매우높음
462900,KoAct 바이오헬스케어액티브,2023/08/03,삼성액티브자산운용,13.8,iSelect 바이오헬스케어 PR 지수,매우높음
476850,KoAct 배당성장액티브,2024/02/27,삼성액티브자산운용,7.15,코스피,높음
0051A0,KoAct 브로드컴밸류체인액티브,2025/05/20,삼성액티브자산운용,13.82,FactSet 브로드컴밸류체인 지수,낮음
495230,KoAct 코리아밸류업액티브,2024/11/04,삼성액티브자산운용,6.47,코리아 밸류업 지수,높음
482030,KoAct 테크핵심소재공급망액티브,2024/05/14,삼성액티브자산운용,8.82,iSelect 테크핵심소재공급망,높음
152100,PLUS 200,2012/01/10,한화자산운용,8.44,코스피 200,보통
491220,PLUS 200TR,2024/09/10,한화자산운용,8.66,코스피 200 TR,보통
253150,PLUS 200선물레버리지,2016/09/29,한화자산운용,16.93,코스피 200 선물지수,매우높음
253160,PLUS 200선물인버스2X,2016/09/22,한화자산운용,-15.23,코스피 200 선물지수,매우높음
395750,PLUS ESG가치주액티브,2021/07/30,한화자산운용,7.9,FnGuide 한화 ESG 가치 지수,보통
395760,PLUS ESG성장주액티브,2021/07/30,한화자산운용,7.28,FnGuide 한화 ESG 성장 지수,낮음
453010,PLUS KOFR금리,2023/03/14,한화자산운용,0.21,KOFR 지수,매우낮음
429740,PLUS K리츠,2022/05/24,한화자산운용,1.75,FnGuide 리츠 지수,매우낮음
449450,PLUS K방산,2023/01/05,한화자산운용,-2.7,FnGuide K-방위산업 지수,매우높음
269530,PLUS S&P글로벌인프라,2017/05/16,한화자산운용,2.6,S&P Global Infrastructure Index,낮음
433860,PLUS TDF2040액티브,2022/06/30,한화자산운용,3.09,Morningstar Korea Lifetime Allocation Moderate 2040 Index (Gross Return),매우낮음
433870,PLUS TDF2050액티브,2022/06/30,한화자산운용,5.71,Morningstar Korea Lifetime Allocation Moderate 2050 Index (Gross Return),매우낮음
433880,PLUS TDF2060액티브,2022/06/30,한화자산운용,6.51,Morningstar Korea Lifetime Allocation Moderate 2060 Index (Gross Return),매우높음
251590,PLUS 고배당저변동50,2016/08/11,한화자산운용,9.75,FnGuide 고배당저변동50 지수,보통
161510,PLUS 고배당주,2012/08/29,한화자산운용,11.74,FnGuide 배당주 지수,높음
0018C0,PLUS 고배당주위클리고정커버드콜,2025/03/05,한화자산운용,10.2,코스피 고배당 위클리 고정 커버드콜 지수,높음
489030,PLUS 고배당주위클리커버드콜,2024/08/13,한화자산운용,8.58,코스피 고배당 위클리 콜매도 ATM 지수,보통
251600,PLUS 고배당주채권혼합,2016/08/11,한화자산운용,4.74,FnGuide 고배당 채권혼합 지수,낮음
461460,PLUS 국고채10년액티브,2023/07/18,한화자산운용,0.15,KAP 국고채 10년 동일가중 지수(총수익),매우낮음
451600,PLUS 국고채30년액티브,2023/02/07,한화자산운용,-0.34,KAP 국고채 30년 지수(총수익),매우낮음
491230,PLUS 국공채머니마켓액티브,2024/09/10,한화자산운용,0.23,KAP 국공채 MMF 지수(총수익),매우낮음
289670,PLUS 국채선물10년,2018/02/07,한화자산운용,-0.04,10년국채선물지수,매우낮음
298340,PLUS 국채선물3년,2018/06/08,한화자산운용,0.3,국채선물지수,매우낮음
489010,PLUS 글로벌AI인프라,2024/08/13,한화자산운용,14.85,Solactive Global AI Infrastructure Index (PR),낮음
442580,PLUS 글로벌HBM반도체,2022/09/22,한화자산운용,5.04,iSelect 글로벌HBM반도체 지수,매우높음
189400,PLUS 글로벌MSCI(합성 H),2013/12/10,한화자산운용,3.41,MSCI ACWI Index,낮음
496770,PLUS 글로벌방산,2024/11/12,한화자산운용,3.93,Solactive Global Defense Index(PR),매우높음
419650,PLUS 글로벌수소&차세대연료전지,2022/02/15,한화자산운용,5.89,BlueStar Hydrogen and NextGen Fuel Cell Index (시장가격),매우높음
0007G0,PLUS 글로벌원자력밸류체인,2025/01/14,한화자산운용,12.81,Solactive Global Nuclear Energy Value Chain Index(PR),매우높음
0035T0,PLUS 글로벌휴머노이드로봇액티브,2025/04/15,한화자산운용,4.7,iSelect 글로벌휴머노이드로봇 (PR),높음
415920,PLUS 글로벌희토류&전략자원생산기업,2022/01/18,한화자산운용,28.83,MVIS Global Rare Earth/Strategic Metals Index (Price Return),매우높음
278620,PLUS 단기채권액티브,2017/09/26,한화자산운용,0.27,"KAP 투자적격 크레딧 채권 1년 지수(A- 이상,총수익)",매우낮음
477050,PLUS 머니마켓액티브,2024/03/26,한화자산운용,0.25,KAP 시가평가 MMF 지수(총수익),매우낮음
0050E0,PLUS 미국AI에이전트,2025/05/20,한화자산운용,1.88,Solactive US AI Agents Index(PR),보통
429760,PLUS 미국S&P500,2022/05/31,한화자산운용,7.15,S&P 500,매우낮음
269540,PLUS 미국S&P500(H),2017/05/16,한화자산운용,5.5,S&P 500,낮음
0057H0,PLUS 미국S&P500미국채혼합50액티브,2025/06/10,한화자산운용,4.74,S&P 500 and U.S. Treasury Bill 0-3 Month 50/50 Blend Index (USD),매우낮음
494410,PLUS 미국S&P500성장주,2024/10/22,한화자산운용,8.43,S&P 500 Growth Index(PR),낮음
287180,PLUS 미국나스닥테크,2017/12/13,한화자산운용,7.14,NASDAQ 100 Technology Sector Index,낮음
213630,PLUS 미국다우존스고배당주(합성 H),2015/01/26,한화자산운용,3.7,Dow Jones U.S Select Dividend Index(시장가격지수),낮음
332610,PLUS 미국단기회사채(AAA~A),2019/08/20,한화자산운용,1.82,ICE BofaAML 1-3 Year AAA-A US Corporate Index(총수익지수),매우낮음
456200,PLUS 미국달러SOFR금리액티브(합성),2023/05/09,한화자산운용,2.15,Solactive SOFR Daily Total Return Index,매우낮음
494420,PLUS 미국배당증가성장주데일리커버드콜,2024/10/22,한화자산운용,4.05,Bloomberg U.S. Dividend Growth Partial Covered Call Index,매우낮음
0023B0,PLUS 미국양자컴퓨팅TOP10,2025/03/11,한화자산운용,16.45,iSelect 미국양자컴퓨팅 TOP10 (PR),매우높음
332620,PLUS 미국장기우량회사채,2019/08/20,한화자산운용,1.68,ICE BofaAML 15+ Year AAA-A US Corporate Index(총수익지수),낮음
464470,PLUS 미국채30년액티브,2023/08/22,한화자산운용,0.73,ICE U.S. Treasury 20+ Year Bond Index(Total Return),낮음
461900,PLUS 미국테크TOP10,2023/07/18,한화자산운용,9.66,iSelect 미국 Tech 10 지수,낮음
461910,PLUS 미국테크TOP10레버리지(합성),2023/07/18,한화자산운용,21.56,iSelect 미국 Tech 10 지수,보통
195970,PLUS 선진국MSCI(합성 H),2014/05/13,한화자산운용,0.66,MSCI EAFE Index,낮음
238670,PLUS 스마트베타Quality채권혼합,2016/02/24,한화자산운용,2.14,WISE-KAP 스마트베타 Quality 채권혼합지수,매우낮음
195980,PLUS 신흥국MSCI(합성 H),2014/05/13,한화자산운용,3.6,MSCI EM Index,낮음
373530,PLUS 신흥국MSCI인버스(합성 H),2020/12/16,한화자산운용,-3.37,MSCI EM Index,낮음
256450,PLUS 심천차이넥스트(합성),2016/11/08,한화자산운용,12.65,SZSE ChiNext Price Index,보통
447660,PLUS 애플채권혼합,2022/11/29,한화자산운용,2.83,FnGuide 애플채권혼합 지수,매우낮음
239660,PLUS 우량회사채50,2016/03/22,한화자산운용,0.26,KOBI HALF CREDIT Index(총수익),매우낮음
421320,PLUS 우주항공&UAM,2022/03/29,한화자산운용,-0.49,iSelect 우주항공UAM 지수,매우높음
464920,PLUS 일본반도체소부장,2023/08/31,한화자산운용,6.92,Solactive Japan Semiconductor Materials and Equipment Index PR,높음
489000,PLUS 일본엔화초단기국채(합성),2024/08/13,한화자산운용,-0.99,KAP 일본 단기 국채 지수(총수익),매우낮음
451000,PLUS 종합채권(AA-이상)액티브,2023/01/10,한화자산운용,0.3,"KAP 종합채권지수(AA-이상, 총수익)",매우낮음
280920,PLUS 주도업종,2017/10/17,한화자산운용,5.79,FnGuide 주도업종 지수,보통
266550,PLUS 중형주저변동50,2017/03/28,한화자산운용,9.82,FnGuide 중형주저변동50지수,보통
0047N0,PLUS 차이나AI테크TOP10,2025/05/13,한화자산운용,4.98,Solactive China AI Tech Top10 Index(PR),보통
495040,PLUS 코리아밸류업,2024/11/04,한화자산운용,7.1,코리아 밸류업 지수,보통
301400,PLUS 코스닥150,2018/07/05,한화자산운용,9.72,코스닥 150,높음
301410,PLUS 코스닥150선물인버스,2018/07/11,한화자산운용,-8.63,F-코스닥150 지수,높음
227830,PLUS 코스피,2015/09/23,한화자산운용,7.75,코스피,보통
122090,PLUS 코스피50,2010/01/07,한화자산운용,8.77,코스피 50,보통
328370,PLUS 코스피TR,2019/06/25,한화자산운용,7.83,코스피 TR,보통
457990,PLUS 태양광&ESS,2023/06/20,한화자산운용,5.38,FnGuide 태양광 & ESS 지수,매우높음
0000J0,PLUS 한화그룹주,2024/12/24,한화자산운용,-5.18,FnGuide 한화그룹주 지수,매우높음
148020,RISE 200,2011/10/20,케이비자산운용,8.36,코스피 200,보통
361580,RISE 200TR,2020/08/21,케이비자산운용,8.27,코스피 200 TR,보통
290080,RISE 200고배당커버드콜ATM,2018/02/27,케이비자산운용,6.26,코스피 200 고배당커버드콜 ATM 지수(시장가격지수),보통
284980,RISE 200금융,2017/12/08,케이비자산운용,12.45,코스피 200 금융,매우높음
252400,RISE 200선물레버리지,2016/09/12,케이비자산운용,16.65,코스피 200 선물지수,매우높음
252410,RISE 200선물인버스,2016/09/12,케이비자산운용,-7.72,코스피 200 선물지수,보통
252420,RISE 200선물인버스2X,2016/09/22,케이비자산운용,-15.06,코스피 200 선물지수,매우높음
475720,RISE 200위클리커버드콜,2024/03/05,케이비자산운용,6.1,코스피 200 위클리 커버드콜 ATM 지수,낮음
448600,RISE 25-11 회사채(AA-이상)액티브,2022/11/22,케이비자산운용,-0.12,KIS 2025년 만기도래 크레딧 종합채권 지수(AA-이상)(시장가격),매우낮음
465330,RISE 2차전지TOP10,2023/09/12,케이비자산운용,15.42,iSelect 2차전지 TOP10 지수(PR),매우높음
465350,RISE 2차전지TOP10인버스(합성),2023/09/12,케이비자산운용,-14.95,iSelect 2차전지 TOP10 지수(PR),매우높음
422420,RISE 2차전지액티브,2022/04/08,케이비자산운용,14.71,iSelect 2차전지 지수 (시장가격지수),매우높음
367760,RISE 5G테크,2020/10/29,케이비자산운용,10.07,FnGuide 5G 테크 지수,높음
105780,RISE 5대그룹주,2008/10/22,케이비자산운용,6.29,MKF 5대그룹주,보통
469070,RISE AI&로봇,2023/10/24,케이비자산운용,0.79,iSelect AI&로봇 지수(시장가격),매우높음
477080,RISE CD금리액티브(합성),2024/03/26,케이비자산운용,0.22,FnGuide CD금리투자 지수(총수익),매우낮음
290130,RISE ESG사회책임투자,2018/02/27,케이비자산운용,9.08,KRX ESG 사회책임경영지수(S),보통
326240,RISE IT플러스,2019/06/20,케이비자산운용,7.0,FnGuide IT플러스 지수,매우높음
385560,RISE KIS국고채30년Enhanced,2021/05/26,케이비자산운용,-0.47,KIS 국고채30년Enhanced지수(시장가격),매우낮음
479520,RISE KOFR금리액티브(합성),2024/04/30,케이비자산운용,0.22,KOFR 지수,매우낮음
270800,RISE KQ고배당,2017/07/07,케이비자산운용,3.66,FnGuide KQ고배당포커스 지수,보통
292050,RISE KRX300,2018/03/26,케이비자산운용,8.35,KRX 300,보통
442550,RISE TDF2030액티브,2022/09/22,케이비자산운용,2.95,iSelect 전략적자산배분 TDF 2030 지수,매우낮음
442560,RISE TDF2040액티브,2022/09/22,케이비자산운용,4.2,iSelect 전략적자산배분 TDF 2040 지수,매우낮음
442570,RISE TDF2050액티브,2022/09/22,케이비자산운용,4.96,iSelect 전략적자산배분 TDF 2050 지수,매우낮음
234310,RISE V&S셀렉트밸류,2016/02/02,케이비자산운용,8.49,FnGuide 셀렉트 밸류 지수,낮음
241390,RISE V&S셀렉트밸류채권혼합,2016/04/12,케이비자산운용,3.72,FnGuide 셀렉트벨류 채권혼합지수,매우낮음
300640,RISE 게임테마,2018/07/24,케이비자산운용,-0.44,WISE 게임 테마 지수 (시장가격지수),매우높음
266160,RISE 고배당,2017/04/14,케이비자산운용,10.8,FnGuide 고배당포커스 지수,높음
481430,RISE 국고채10년액티브,2024/05/21,케이비자산운용,0.28,KAP 국고채 10년 지수(총수익),매우낮음
114100,RISE 국고채3년,2009/07/29,케이비자산운용,0.24,KTB INDEX(시장가격),매우낮음
282000,RISE 국고채3년선물인버스,2017/11/09,케이비자산운용,0.14,국채선물지수,매우낮음
451670,RISE 국채30년레버리지(합성),2023/02/14,케이비자산운용,-1.46,KAP 국채30년 TR 지수(총수익),낮음
295000,RISE 국채선물10년,2018/05/11,케이비자산운용,0.11,10년국채선물지수,매우낮음
295020,RISE 국채선물10년인버스,2018/05/11,케이비자산운용,0.26,10년국채선물지수,매우낮음
432600,RISE 국채선물3년,2022/06/14,케이비자산운용,0.21,국채선물지수,매우낮음
397420,RISE 국채선물5년추종,2021/08/31,케이비자산운용,0.16,5년 국채선물 추종 지수,매우낮음
437370,RISE 글로벌농업경제,2022/07/29,케이비자산운용,-1.16,MVIS Global Agribusiness Index(Price Return),보통
375270,RISE 글로벌데이터센터리츠(합성),2021/01/14,케이비자산운용,5.73,Kelly Data Center & Tech Infrastructure Net Total Return Index,보통
475380,RISE 글로벌리얼티인컴,2024/02/20,케이비자산운용,0.44,Solactive Global Realty Income Index(Price Return),낮음
476310,RISE 글로벌비만산업TOP2+,2024/02/27,케이비자산운용,-3.08,KEDI 글로벌 비만 산업 Top2+ 지수(Price Return),보통
417450,RISE 글로벌수소경제,2022/02/15,케이비자산운용,10.41,Indxx Hydrogen Economy Index (PR),매우높음
442320,RISE 글로벌원자력,2022/10/13,케이비자산운용,5.94,iSelect 글로벌원자력 지수(시장가격),매우높음
461490,RISE 글로벌자산배분액티브,2023/06/27,케이비자산운용,2.28,Bloomberg Multi-Asset Weighted (KRW ETFs) 지수(시장가격),매우낮음
459750,RISE 글로벌주식분산액티브,2023/06/27,케이비자산운용,5.71,Bloomberg Global Equity Market Weighted Index(Price Return),매우낮음
399580,RISE 글로벌클린에너지,2021/10/21,케이비자산운용,8.55,S&P Global Clean Energy Transition Index (Price Return),높음
276650,RISE 글로벌테크놀로지(합성 H),2017/08/17,케이비자산운용,8.88,S&P Global 1200 Information Technology and Interactive Media & Services(PR),보통
336160,RISE 금융채액티브,2019/10/29,케이비자산운용,-0.03,KIS 종합채권금융채 2.5Y-3Y 지수 (총수익),매우낮음
326230,RISE 내수주플러스,2019/06/20,케이비자산운용,7.68,FnGuide 내수주플러스 지수,보통
272560,RISE 단기국공채액티브,2017/06/29,케이비자산운용,0.22,KIS 종합채권국공채3M~1.5Y지수,매우낮음
385550,RISE 단기채권알파액티브,2021/05/26,케이비자산운용,0.26,KIS 단기채권알파지수(AA-이상)(총수익지수),매우낮음
196230,RISE 단기통안채,2014/05/19,케이비자산운용,0.2,KIS 통안채 5개월 지수(총수익),매우낮음
0061Z0,RISE 단기특수은행채액티브,2025/06/24,케이비자산운용,,KAP 단기 특수은행채 지수(시장가격),매우낮음
315960,RISE 대형고배당10TR,2019/01/22,케이비자산운용,10.13,WISE 대형고배당10 TR 지수,높음
455890,RISE 머니마켓액티브,2023/05/09,케이비자산운용,0.24,KIS 시가평가 MMF 지수 (총수익지수),매우낮음
401170,RISE 메타버스,2021/10/13,케이비자산운용,-1.74,iSelect 메타버스 지수(시장가격지수),높음
481340,RISE 미국30년국채액티브,2024/05/28,케이비자산운용,-0.05,Bloomberg U.S Treasury 20+ Year Total Return Index,낮음
472870,RISE 미국30년국채엔화노출(합성 H),2023/12/27,케이비자산운용,-2.49,KIS 미국채30년 엔화노출 지수(USD/JPY 헤지)(총수익지수),낮음
472830,RISE 미국30년국채커버드콜(합성),2023/12/14,케이비자산운용,0.46,Bloomberg U.S. Treasury 20+ Year (TLT) 2% OTM Covered Call Index(TR),낮음
485690,RISE 미국AI밸류체인TOP3Plus,2024/07/23,케이비자산운용,14.51,KEDI 미국 AI 밸류체인 TOP3 Plus 지수(Price Return),낮음
490590,RISE 미국AI밸류체인데일리고정커버드콜,2024/10/02,케이비자산운용,12.18,KEDI 미국 AI밸류체인 90%참여+데일리옵션 프리미엄 지수(TR),낮음
495940,RISE 미국AI테크액티브,2024/11/26,케이비자산운용,9.91,Solactive US AI Tech Active Index PR,낮음
379780,RISE 미국S&P500,2021/04/09,케이비자산운용,6.75,S&P 500,매우낮음
453330,RISE 미국S&P500(H),2023/03/21,케이비자산운용,4.96,S&P 500,낮음
0005C0,RISE 미국S&P500엔화노출(합성 H),2025/01/14,케이비자산운용,3.59,S&P500 Yen Hedged Index(PR),낮음
460660,RISE 미국S&P배당킹,2023/06/27,케이비자산운용,5.02,S&P Dividend Monarchs Index(Price Return),보통
219390,RISE 미국S&P원유생산기업(합성 H),2015/06/02,케이비자산운용,-3.6,S&P Oil & Gas Exploration & Production Select Industry Index(PR),매우높음
354240,RISE 미국고정배당우선증권,2020/05/19,케이비자산운용,4.83,ICE BofAML Core Plus Fixed Rate Preferred Securities Index(PR),낮음
368590,RISE 미국나스닥100,2020/11/06,케이비자산운용,7.81,NASDAQ 100,매우낮음
437350,RISE 미국단기투자등급회사채액티브,2022/07/29,케이비자산운용,2.59,Bloomberg US Corporate 1-5 Years Total Return Index,매우낮음
455960,RISE 미국달러SOFR금리액티브(합성),2023/05/16,케이비자산운용,2.19,KAP SOFR 지수,매우낮음
469530,RISE 미국달러선물인버스,2023/11/09,케이비자산운용,-1.58,미국달러선물지수,낮음
469060,RISE 미국반도체NYSE,2023/10/24,케이비자산운용,10.99,NYSE Semicondoctor Index(Price Return),낮음
469050,RISE 미국반도체NYSE(H),2023/10/24,케이비자산운용,8.96,NYSE Semicondoctor Index(Price Return),보통
491630,RISE 미국반도체인버스(합성 H),2024/10/22,케이비자산운용,-9.01,NYSE Semicondoctor Index(Price Return),보통
490600,RISE 미국배당100데일리고정커버드콜,2024/09/24,케이비자산운용,3.36,KEDI 미국 배당100 90%참여+데일리옵션 프리미엄 지수(총수익지수),낮음
0018Z0,RISE 미국양자컴퓨팅,2025/03/11,케이비자산운용,12.14,Solactive US Quantum Computing Technology Index PR,높음
0013P0,RISE 미국은행TOP10,2025/02/18,케이비자산운용,11.1,KEDI 미국 은행 TOP10 지수,보통
267440,RISE 미국장기국채선물(H),2017/04/20,케이비자산운용,-0.77,S&P U.S. Treasury Bond Futures Excess Return Index,매우낮음
267490,RISE 미국장기국채선물레버리지(합성 H),2017/04/20,케이비자산운용,-1.64,S&P U.S. Treasury Bond Futures Excess Return Index,보통
267450,RISE 미국장기국채선물인버스(H),2017/04/20,케이비자산운용,1.39,S&P U.S. Treasury Bond Futures Excess Return Index,낮음
0036Z0,RISE 미국천연가스밸류체인,2025/04/22,케이비자산운용,-0.34,Solactive US Natural Gas Value Chain Index PR,높음
491620,RISE 미국테크100데일리고정커버드콜,2024/10/02,케이비자산운용,6.33,KEDI 미국 테크100 90%참여+데일리옵션 프리미엄 지수(TR),매우낮음
0036R0,RISE 미국휴머노이드로봇,2025/04/15,케이비자산운용,9.46,KEDI 미국 휴머노이드 로봇 지수(시장가격),보통
0000Z0,RISE 바이오TOP10액티브,2024/12/24,케이비자산운용,13.97,KRX 바이오 TOP 10 지수,매우높음
446700,RISE 배터리 리사이클링,2022/11/01,케이비자산운용,11.2,iSelect 배터리 리사이클링 지수,매우높음
475350,RISE 버크셔포트폴리오TOP10,2024/02/27,케이비자산운용,4.38,Solactive Berkshire Portfolio Top10 Index(PR),낮음
388420,RISE 비메모리반도체액티브,2021/06/10,케이비자산운용,5.53,iSelect 비메모리반도체 지수(시장가격지수),매우높음
448630,RISE 삼성그룹Top3채권혼합,2022/11/29,케이비자산운용,3.26,Bloomberg Blended Samsung Group Fixed Top 3 Equity and Korean Bond Index,매우낮음
367770,RISE 수소경제테마,2020/10/29,케이비자산운용,5.87,FnGuide 수소 경제 테마 지수,보통
140570,RISE 수출주,2011/04/15,케이비자산운용,6.28,MKF 수출주 지수,보통
140580,RISE 우량업종대표주,2011/04/15,케이비자산운용,8.04,MKF 우량업종대표주 지수,보통
379790,RISE 유로스탁스50(H),2021/04/09,케이비자산운용,1.55,EURO STOXX 50 Index,낮음
498610,RISE 인도디지털성장,2025/04/01,케이비자산운용,1.27,MarketVector Digital India Index(INR)(Price Return)			,낮음
488480,RISE 일본섹터TOP4Plus,2024/08/20,케이비자산운용,-2.27,Solactive Japan Samurai Sector TOP4 Plus Index(PR),보통
385540,RISE 종합채권(A-이상)액티브,2021/05/26,케이비자산운용,0.14,KIS 종합채권 지수(A-이상)(총수익지수),매우낮음
183710,RISE 주식혼합,2013/10/17,케이비자산운용,6.36,주식국채혼합(주식형)지수,낮음
310080,RISE 중국MSCI China(H),2018/11/28,케이비자산운용,5.52,"MSCI China Index(USD, Price Return)",보통
463300,RISE 중국본토CSI300,2023/08/08,케이비자산운용,7.18,CSI 300 Index,낮음
174360,RISE 중국본토대형주CSI100,2013/06/04,케이비자산운용,6.71,CSI A100,낮음
136340,RISE 중기우량회사채,2011/04/15,케이비자산운용,0.0,KOBI 크레딧 지수(총수익),매우낮음
281990,RISE 중소형고배당,2017/11/02,케이비자산운용,11.91,FnGuide 중소형고배당포커스 지수,높음
272570,RISE 중장기국공채액티브,2017/06/29,케이비자산운용,0.32,KIS 종합채권국공채4~5Y지수,매우낮음
250730,RISE 차이나HSCEI(H),2016/08/10,케이비자산운용,4.51,Hang Seng China H,보통
291680,RISE 차이나H선물인버스(H),2018/03/23,케이비자산운용,-3.38,Hang Seng China Enterprises Futures Index(Price Return),보통
371150,RISE 차이나항셍테크,2020/12/16,케이비자산운용,7.53,Hang Seng TECH Index,보통
183700,RISE 채권혼합,2013/10/17,케이비자산운용,2.59,주식국채혼합(채권형)지수,매우낮음
388280,RISE 컨택트대표,2021/06/10,케이비자산운용,4.71,FnGuide 컨택트대표 지수(시장가격지수),보통
498860,RISE 코리아금융고배당,2024/12/10,케이비자산운용,14.12,iSelect 코리아 금융 고배당 지수,매우높음
495050,RISE 코리아밸류업,2024/11/04,케이비자산운용,7.25,코리아 밸류업 지수,보통
270810,RISE 코스닥150,2017/06/16,케이비자산운용,9.18,코스닥 150,보통
278240,RISE 코스닥150선물레버리지,2017/08/31,케이비자산운용,19.09,F-코스닥150 지수,매우높음
275750,RISE 코스닥150선물인버스,2017/08/01,케이비자산운용,-8.64,F-코스닥150 지수,보통
302450,RISE 코스피,2018/07/24,케이비자산운용,7.43,코스피,보통
0047P0,RISE 테슬라고정테크100,2025/05/13,케이비자산운용,7.34,KEDI 테슬라고정테크100 지수(PR),보통
0013R0,RISE 테슬라미국채타겟커버드콜혼합(합성),2025/02/18,케이비자산운용,0.79,KEDI 테슬라미국30년국채15%타겟프리미엄 혼합지수(TR),낮음
449580,RISE 테슬라애플아마존채권혼합,2022/12/20,케이비자산운용,2.65,iSelect 테슬라 애플 아마존 채권혼합지수(Price Return),낮음
334690,RISE 팔라듐선물(H),2019/09/24,케이비자산운용,23.61,S&P GSCI Palladium Excess Return Index,매우높음
334700,RISE 팔라듐선물인버스(H),2019/09/24,케이비자산운용,-19.54,S&P GSCI Palladium Excess Return Index,매우높음
0047R0,RISE 팔란티어고정테크100,2025/05/13,케이비자산운용,9.76,KEDI 팔란티어고정테크100 지수(PR),낮음
427120,RISE 플랫폼테마,2022/05/17,케이비자산운용,-5.25,FnGuide 플랫폼테마 지수(시장가격지수),매우높음
253280,RISE 헬스케어,2016/09/23,케이비자산운용,11.28,FnGuide 헬스케어 지수,높음
253290,RISE 헬스케어채권혼합,2016/09/23,케이비자산운용,3.97,FnGuide 헬스케어 채권혼합 지수,매우낮음
411540,SOL 200 Top10,2021/12/09,신한자산운용,4.8,코스피 200 Top 10 지수,높음
295040,SOL 200TR,2018/04/23,신한자산운용,8.45,코스피 200 TR,보통
462540,SOL 25-09 회사채(AA-이상)액티브,2023/08/08,신한자산운용,0.24,"KAP 25-09 크레딧 채권지수(AA- 이상, 총수익)",매우낮음
488980,SOL 26-12 회사채(AA-이상)액티브,2024/10/08,신한자산운용,0.33,"KAP 26-12 크레딧 채권지수(AA-이상, 총수익)",매우낮음
455860,SOL 2차전지소부장Fn,2023/04/25,신한자산운용,22.17,FnGuide 2차전지 소부장 지수(PR),매우높음
455850,SOL AI반도체소부장,2023/04/25,신한자산운용,6.86,FnGuide AI 반도체 소부장 지수,매우높음
497880,SOL CD금리&머니마켓액티브,2024/11/26,신한자산운용,-0.01,KAP CD&단기자금시장지수(PR),매우낮음
444200,SOL KEDI메가테크액티브,2022/10/18,신한자산운용,5.69,KEDI 메가테크지수(PR),보통
363510,SOL KIS단기통안채,2020/09/09,신한자산운용,0.19,KIS 단기통안채 Index(총수익),매우낮음
292500,SOL KRX300,2018/03/26,신한자산운용,8.6,KRX 300,보통
404650,SOL KRX기후변화솔루션,2021/10/29,신한자산운용,5.83,KRX 기후변화 솔루션지수,높음
490480,SOL K방산,2024/10/02,신한자산운용,-1.24,KEDI K방산 지수(PR),매우높음
0022T0,SOL 골드커버드콜액티브,2025/03/11,신한자산운용,-0.09,KEDI 골드인컴프리미엄 지수(NTR),보통
438570,SOL 국고채10년,2022/09/06,신한자산운용,0.24,KAP 국고채10년지수(총수익지수),매우낮음
474390,SOL 국고채30년액티브,2024/01/16,신한자산운용,-0.71,KAP 국고채30년 지수(TR),매우낮음
438560,SOL 국고채3년,2022/09/06,신한자산운용,0.16,KAP 국고채3년지수(총수익지수),매우낮음
0066W0,SOL 국제금,2025/06/17,신한자산운용,-0.05,KEDI 국제금현물 ETF 가격지수(PR),보통
400590,SOL 글로벌탄소배출권선물ICE(합성),2021/09/30,신한자산운용,-0.97,ICE Global Carbon Futures Index(Excess Return),보통
484880,SOL 금융지주플러스고배당,2024/06/25,신한자산운용,14.01,FnGuide 금융지주플러스고배당 지수(PR),매우높음
484890,SOL 머니마켓액티브,2024/06/25,신한자산운용,0.2,KAP 시가 MMF 지수(TR),매우낮음
461600,SOL 미국30년국채액티브(H),2023/07/11,신한자산운용,-0.8,KAP 미국채 20Y+ 지수(시장가격),낮음
473330,SOL 미국30년국채커버드콜(합성),2023/12/27,신한자산운용,0.11,KEDI 미국 국채 20년+ 커버드콜 지수(NTR),낮음
494210,SOL 미국500타겟커버드콜액티브,2024/10/15,신한자산운용,5.27,KEDI 미국퀄리티500+월1%프리미엄 지수(NTR),매우낮음
479620,SOL 미국AI반도체칩메이커,2024/04/16,신한자산운용,13.68,Solactive US AI Semiconductor Chip Makers Index(PR),보통
481180,SOL 미국AI소프트웨어,2024/05/14,신한자산운용,6.01,KEDI 미국 AI 소프트웨어지수(PR),보통
486450,SOL 미국AI전력인프라,2024/07/16,신한자산운용,9.41,KEDI 미국AI전력인프라 지수(PR),높음
433330,SOL 미국S&P500,2022/06/21,신한자산운용,6.88,S&P 500,매우낮음
399110,SOL 미국S&P500ESG,2021/09/14,신한자산운용,7.14,S&P500 Scored&Screened(PR),매우낮음
0080X0,SOL 미국S&P500미국채혼합50,2025/07/15,신한자산운용,,S&P 500 and iBoxx $ Treasuries 7-10Y 5050 Blend Index(USD) PR/TR Hybrid,매우낮음
499150,SOL 미국S&P500엔화노출(H),2024/12/03,신한자산운용,4.02,S&P500 Yen Hedged Index(PR),낮음
447620,SOL 미국TOP5채권혼합40 Solactive,2022/11/29,신한자산운용,4.43,Solactive US TOP5 Balanced40 Index,매우낮음
476030,SOL 미국나스닥100,2024/03/12,신한자산운용,7.96,NASDAQ 100,매우낮음
446720,SOL 미국배당다우존스,2022/11/15,신한자산운용,3.99,Dow Jones U.S. Dividend 100 Price Return Index,낮음
452360,SOL 미국배당다우존스(H),2023/03/21,신한자산운용,2.15,Dow Jones U.S. Dividend 100 Price Return Index,낮음
493420,SOL 미국배당다우존스2호,2024/10/08,신한자산운용,4.08,Dow Jones U.S. Dividend 100 Index(TR),낮음
490490,SOL 미국배당미국채혼합50,2024/09/24,신한자산운용,2.62,KRX 다우존스 미국배당국채 혼합지수,매우낮음
0023A0,SOL 미국양자컴퓨팅TOP10,2025/03/11,신한자산운용,22.6,KEDI 미국양자컴퓨팅 TOP10(PR),매우높음
0051G0,SOL 미국원자력SMR,2025/05/20,신한자산운용,9.0,KEDI 미국원자력 SMR 지수(PR),매우높음
481190,SOL 미국테크TOP10,2024/05/21,신한자산운용,10.37,Solactive US Tech TOP 10 Custom Index(PR),매우낮음
481200,SOL 미국테크TOP10인버스(합성),2024/05/21,신한자산운용,-8.27,Solactive US Tech TOP 10 Custom Index(PR),낮음
475300,SOL 반도체전공정,2024/02/14,신한자산운용,5.83,FnGuide 반도체 전공정 지수(PR),매우높음
475310,SOL 반도체후공정,2024/02/14,신한자산운용,9.99,FnGuide 반도체 후공정 지수(PR),매우높음
400580,SOL 유럽탄소배출권선물S&P(H),2021/09/30,신한자산운용,-5.43,S&P GSCI Carbon Emission Allowances(EUA)(EUR)ER,보통
459370,SOL 유럽탄소배출권선물인버스ICE(H),2023/06/20,신한자산운용,5.73,ICE EUA Carbon Futures Custom Roll Index(Excess Return),높음
464610,SOL 의료기기소부장Fn,2023/08/22,신한자산운용,2.43,FnGuide 의료기기소부장지수(PR),높음
466930,SOL 자동차TOP3플러스,2023/10/05,신한자산운용,2.58,FnGuide 자동차TOP3플러스지수(PR),매우높음
464600,SOL 자동차소부장Fn,2023/08/22,신한자산운용,3.22,FnGuide 자동차소부장지수(PR),높음
0005D0,SOL 전고체배터리&실리콘음극재,2025/01/07,신한자산운용,12.33,FnGuide 전고체배터리&실리콘음극재 지수(PR),매우높음
466920,SOL 조선TOP3플러스,2023/10/05,신한자산운용,-5.78,FnGuide 조선TOP3플러스지수(PR),매우높음
0080Y0,SOL 조선TOP3플러스레버리지,2025/07/15,신한자산운용,,FnGuide 조선TOP3플러스지수(PR),매우높음
436140,SOL 종합채권(AA-이상)액티브,2022/08/09,신한자산운용,0.15,"KAP K-종합채권지수(AA-이상, 총수익)",매우낮음
0016X0,SOL 중단기회사채(A-이상)액티브,2025/02/18,신한자산운용,0.39,KIS 중단기크레딧플러스채권(AA+~A-)지수(총수익),매우낮음
220130,SOL 차이나강소기업CSI500(합성 H),2015/06/08,신한자산운용,6.44,CSI 500 지수,낮음
415760,SOL 차이나육성산업액티브(합성),2022/01/13,신한자산운용,6.05,STAR 50 Index(Price Return),보통
413220,SOL 차이나태양광CSI(합성),2021/12/22,신한자산운용,11.99,CSI Photovoltaic Industry Index(PR),높음
469830,SOL 초단기채권액티브,2023/11/07,신한자산운용,0.26,KAP 단기자금시장지수,매우낮음
495550,SOL 코리아밸류업TR,2024/11/04,신한자산운용,7.59,코리아 밸류업 TR 지수,보통
450910,SOL 코스닥150,2023/01/31,신한자산운용,9.43,코스닥 150,높음
0040X0,SOL 팔란티어미국채커버드콜혼합,2025/04/22,신한자산운용,3.92,KEDI 팔란티어미국채커버드콜혼합지수(NTR),보통
0040Y0,SOL 팔란티어커버드콜OTM채권혼합,2025/04/22,신한자산운용,0.52,KEDI 팔란티어커버드콜OTM 채권혼합지수(NTR),매우낮음
423170,SOL 한국형글로벌반도체액티브,2022/04/12,신한자산운용,10.83,S&P Global Semiconductor Korea Tilted Index(PR),낮음
429980,SOL 한국형글로벌전기차&2차전지액티브,2022/06/14,신한자산운용,10.82,FactSet Global Electric Vehicle and Rechargeable Battery Korea-Tilted Index(PR),보통
0008T0,SOL 화장품TOP3플러스,2025/01/21,신한자산운용,1.37,FnGuide 화장품TOP3 플러스 지수(PR),매우높음
102110,TIGER 200,2008/04/03,미래에셋자산운용,8.3,코스피 200,보통
139260,TIGER 200 IT,2011/04/06,미래에셋자산운용,8.23,코스피 200 정보기술,매우높음
139220,TIGER 200 건설,2011/04/06,미래에셋자산운용,-2.63,코스피 200 건설,매우높음
139290,TIGER 200 경기소비재,2011/04/06,미래에셋자산운용,3.16,코스피 200 경기소비재,높음
139270,TIGER 200 금융,2011/04/06,미래에셋자산운용,11.84,코스피 200 금융,매우높음
227550,TIGER 200 산업재,2015/09/23,미래에셋자산운용,4.31,코스피 200 산업재,높음
227560,TIGER 200 생활소비재,2015/09/23,미래에셋자산운용,11.44,코스피 200 생활소비재,매우높음
139250,TIGER 200 에너지화학,2011/04/06,미래에셋자산운용,13.2,코스피 200 에너지/화학,매우높음
139230,TIGER 200 중공업,2011/04/06,미래에셋자산운용,-0.59,코스피 200 중공업,매우높음
139240,TIGER 200 철강소재,2011/04/06,미래에셋자산운용,20.38,코스피 200 철강/소재,매우높음
227540,TIGER 200 헬스케어,2015/09/23,미래에셋자산운용,11.37,코스피 200 헬스케어,매우높음
243880,TIGER 200IT레버리지,2016/05/13,미래에셋자산운용,15.77,코스피 200 정보기술,매우높음
310960,TIGER 200TR,2018/11/20,미래에셋자산운용,8.24,코스피 200 TR,보통
252000,TIGER 200동일가중,2016/09/20,미래에셋자산운용,7.93,코스피 200 동일가중지수,보통
267770,TIGER 200선물레버리지,2017/04/25,미래에셋자산운용,16.78,코스피 200 선물지수,매우높음
252710,TIGER 200선물인버스2X,2016/09/22,미래에셋자산운용,-15.16,코스피 200 선물지수,매우높음
243890,TIGER 200에너지화학레버리지,2016/05/13,미래에셋자산운용,26.36,코스피 200 에너지/화학,매우높음
315270,TIGER 200커뮤니케이션서비스,2019/01/15,미래에셋자산운용,1.05,코스피 200 커뮤니케이션서비스,매우높음
289480,TIGER 200커버드콜,2018/02/09,미래에셋자산운용,1.52,코스피 200 커버드콜 ATM 지수,매우낮음
166400,TIGER 200커버드콜OTM,2012/10/25,미래에셋자산운용,4.74,코스피 200 커버드콜 5% OTM,매우낮음
453540,TIGER 25-10 회사채(A+이상)액티브,2023/03/23,미래에셋자산운용,0.23,KIS 회사채2510만기형 지수 (총수익지수),매우낮음
494900,TIGER 25-12 금융채(AA-이상),2024/10/29,미래에셋자산운용,0.2,KIS 금융채2512만기형 지수(총수익),매우낮음
0001S0,TIGER 26-04 회사채(A+이상)액티브,2024/12/24,미래에셋자산운용,0.3,KIS 회사채 2604만기형 지수,매우낮음
480260,TIGER 27-04회사채(A+이상)액티브,2024/04/23,미래에셋자산운용,0.39,KIS 회사채2704만기형 지수 (총수익 지수),매우낮음
364980,TIGER 2차전지TOP10,2020/10/07,미래에셋자산운용,15.97,KRX 2차전지 TOP 10 지수,매우높음
412570,TIGER 2차전지TOP10레버리지,2021/12/15,미래에셋자산운용,32.86,KRX 2차전지 TOP 10 지수,매우높음
462010,TIGER 2차전지소재Fn,2023/07/13,미래에셋자산운용,22.91,FnGuide 2차전지소재 (Price Return) 지수,매우높음
305540,TIGER 2차전지테마,2018/09/12,미래에셋자산운용,17.69,WISE 2차전지 테마 지수,매우높음
471760,TIGER AI반도체핵심공정,2023/11/21,미래에셋자산운용,3.32,iSelect AI반도체핵심공정지수,매우높음
365040,TIGER AI코리아그로스액티브,2020/09/29,미래에셋자산운용,7.77,코스피,보통
364960,TIGER BBIG,2020/10/07,미래에셋자산운용,8.29,KRX BBIG 지수,매우높음
412560,TIGER BBIG레버리지,2021/12/15,미래에셋자산운용,15.29,KRX BBIG 지수,매우높음
475630,TIGER CD1년금리액티브(합성),2024/02/06,미래에셋자산운용,0.23,KIS CD 1Y 총수익지수,매우낮음
357870,TIGER CD금리투자KIS(합성),2020/07/07,미래에셋자산운용,0.23,KIS CD Index(총수익),매우낮음
499660,TIGER CD금리플러스액티브(합성),2024/12/17,미래에셋자산운용,0.01,KIS CD+CPI연동금리 월분배 지수,매우낮음
400970,TIGER Fn메타버스,2021/10/13,미래에셋자산운용,-1.03,FnGuide 메타버스테마 지수,높음
396500,TIGER Fn반도체TOP10,2021/08/10,미래에셋자산운용,7.31,FnGuide 반도체TOP10 지수,매우높음
377990,TIGER Fn신재생에너지,2021/03/05,미래에셋자산운용,10.08,FnGuide 신재생에너지 지수,높음
417630,TIGER KEDI혁신기업ESG30,2022/02/08,미래에셋자산운용,6.08,KEDI 혁신기업ESG30 지수(시장가격 지수),높음
449170,TIGER KOFR금리액티브(합성),2022/11/30,미래에셋자산운용,0.23,KOFR 지수,매우낮음
292160,TIGER KRX300,2018/03/26,미래에셋자산운용,8.24,KRX 300,보통
0072R0,TIGER KRX금현물,2025/06/24,미래에셋자산운용,,KRX 금현물지수,보통
404540,TIGER KRX기후변화솔루션,2021/10/29,미래에셋자산운용,6.5,KRX 기후변화 솔루션지수,매우높음
228820,TIGER KTOP30,2015/10/14,미래에셋자산운용,9.11,KTOP 30,높음
300610,TIGER K게임,2018/07/24,미래에셋자산운용,-0.33,WISE K게임 테마 지수,매우높음
463250,TIGER K방산&우주,2023/07/25,미래에셋자산운용,1.0,iSelect K방산&우주,매우높음
138530,TIGER LG그룹+펀더멘털,2011/03/10,미래에셋자산운용,9.91,MKF LG그룹+ FW,높음
445910,TIGER MKF배당귀족,2022/10/18,미래에셋자산운용,8.61,MKF 배당귀족 지수(시장가격지수),보통
289260,TIGER MSCI KOREA ESG리더스,2018/02/07,미래에셋자산운용,8.97,MSCI Korea Country ESG Leaders Capped Index,높음
289250,TIGER MSCI KOREA ESG유니버설,2018/02/07,미래에셋자산운용,8.92,MSCI Korea ESG Universal Index,보통
310970,TIGER MSCI Korea TR,2018/11/20,미래에셋자산운용,8.59,MSCI Korea TR Index,보통
269370,TIGER S&P글로벌인프라(합성),2017/05/16,미래에셋자산운용,2.13,S&P Global Infrastructure Index,낮음
248270,TIGER S&P글로벌헬스케어(합성),2016/07/01,미래에셋자산운용,1.59,S&P Global 1200 Health Care Index,낮음
0025N0,TIGER TDF2045,2025/03/25,미래에셋자산운용,4.95,S&P 500 and Korea Target Date 2045 (KRW) PR 지수,매우낮음
292150,TIGER TOP10,2018/03/30,미래에셋자산운용,7.91,FnGuide TOP10 지수,높음
453950,TIGER TSMC파운드리밸류체인,2023/04/04,미래에셋자산운용,11.37,FactSet TSMC 파운드리 밸류체인 지수(시장가격지수),보통
364990,TIGER 게임TOP10,2020/10/07,미래에셋자산운용,0.93,KRX 게임 TOP 10 지수,매우높음
139280,TIGER 경기방어,2011/04/06,미래에셋자산운용,10.26,코스피 200 경기방어소비재,보통
237440,TIGER 경기방어채권혼합,2016/01/27,미래에셋자산운용,3.4,경기방어소비재 채권혼합 지수,매우낮음
319640,TIGER 골드선물(H),2019/04/09,미래에셋자산운용,-1.76,S&P GSCI Gold Index(TR),낮음
160580,TIGER 구리실물,2012/12/17,미래에셋자산운용,1.13,S&P GSCI Cash Copper Index,낮음
451530,TIGER 국고채30년스트립액티브,2023/02/01,미래에셋자산운용,-0.99,KIS STRIP 30Y Index(총수익지수),매우낮음
114820,TIGER 국채3년,2009/08/27,미래에셋자산운용,0.18,KTB INDEX(시장가격),매우낮음
275980,TIGER 글로벌4차산업혁신기술(합성 H),2017/08/01,미래에셋자산운용,4.79,MorningStar Exponential Technologies Index(PR),낮음
464310,TIGER 글로벌AI&로보틱스 INDXX,2023/08/17,미래에셋자산운용,9.4,Indxx Global Robotics & Artificial Intelligence Thematic Index(PR),보통
418670,TIGER 글로벌AI사이버보안,2022/02/22,미래에셋자산운용,-1.28,Indxx Cybersecurity 지수 (PR),높음
466950,TIGER 글로벌AI액티브,2023/10/11,미래에셋자산운용,11.63,Indxx Artificial Intelligence and Big Data 지수(PR),보통
491010,TIGER 글로벌AI전력인프라액티브,2024/09/10,미래에셋자산운용,12.46,Mirae Asset AI Infrastructure 지수(PR),높음
412770,TIGER 글로벌AI플랫폼액티브,2021/12/22,미래에셋자산운용,4.91,Indxx Global Metaverse Index (Price Return),보통
394670,TIGER 글로벌리튬&2차전지SOLACTIVE(합성),2021/07/20,미래에셋자산운용,16.73,Solactive Global Lithium 지수(PR),매우높음
440340,TIGER 글로벌멀티에셋TIF액티브,2022/08/30,미래에셋자산운용,2.87,INDXX 멀티에셋인컴 지수(시장가격 지수),매우낮음
476690,TIGER 글로벌비만치료제TOP2Plus,2024/02/29,미래에셋자산운용,-0.88,Indxx Global Obesity Treatment Top 2 Plus 지수 (시장가격),보통
480310,TIGER 글로벌온디바이스AI,2024/04/16,미래에셋자산운용,12.04,Mirae Asset Global On-Device AI 지수 (PR),낮음
387270,TIGER 글로벌이노베이션액티브,2021/05/25,미래에셋자산운용,8.45,NASDAQ 100,매우낮음
276000,TIGER 글로벌자원생산기업(합성 H),2017/08/01,미래에셋자산운용,-0.03,MorningStar Global Upstream Resources Index(PR),낮음
394660,TIGER 글로벌자율주행&전기차SOLACTIVE,2021/07/20,미래에셋자산운용,12.99,Solactive Autonomous & Electric Vehicles 지수(PR),낮음
371450,TIGER 글로벌클라우드컴퓨팅INDXX,2020/12/08,미래에셋자산운용,3.44,Indxx Global Cloud Computing Index(PR),보통
464930,TIGER 글로벌혁신블루칩TOP10,2023/08/29,미래에셋자산운용,7.34,Mirae Asset Global Innovative Bluechip Top 10 Index(PR),매우낮음
139310,TIGER 금속선물(H),2011/04/08,미래에셋자산운용,0.26,S&P GSCI Industrial Metals Select Index(TR),낮음
139320,TIGER 금은선물(H),2011/04/08,미래에셋자산운용,-1.67,S&P GSCI Precious Metals Index(TR),낮음
137610,TIGER 농산물선물Enhanced(H),2011/01/11,미래에셋자산운용,-2.75,S&P GSCI Agriculture Enhanced Index(ER),낮음
182490,TIGER 단기선진하이일드(합성 H),2014/03/24,미래에셋자산운용,1.34,Markit iBoxx USD Liquid High Yield 0-5 year 지수,낮음
272580,TIGER 단기채권액티브,2017/06/29,미래에셋자산운용,0.2,KIS MSB 6M PLUS 지수,매우낮음
157450,TIGER 단기통안채,2012/05/16,미래에셋자산운용,0.19,KIS MSB 6M(총수익),매우낮음
105010,TIGER 라틴35,2008/08/27,미래에셋자산운용,0.65,BNY Latin America 35 ADR,보통
123320,TIGER 레버리지,2010/04/09,미래에셋자산운용,15.85,코스피 200,매우높음
174350,TIGER 로우볼,2013/06/20,미래에셋자산운용,11.38,FnGuide Low Vol 지수,보통
329200,TIGER 리츠부동산인프라,2019/07/19,미래에셋자산운용,1.55,FnGuide 리츠부동산인프라,매우낮음
341850,TIGER 리츠부동산인프라채권,2020/05/22,미래에셋자산운용,1.51,KIS 리츠부동산인프라채권PR 지수,매우낮음
0043B0,TIGER 머니마켓액티브,2025/04/22,미래에셋자산운용,0.24,KIS-미래에셋 MMF지수,매우낮음
147970,TIGER 모멘텀,2011/10/26,미래에셋자산운용,7.2,FnGuide 모멘텀 지수,매우높음
458250,TIGER 미국30년국채스트립액티브(합성 H),2023/05/31,미래에셋자산운용,-2.09,ICE BofA Long US Treasury Principal STRIPS Index,보통
476550,TIGER 미국30년국채커버드콜액티브(H),2024/02/27,미래에셋자산운용,-1.88,KEDI 미국채30년 위클리 커버드콜30 지수(Total Return),낮음
491830,TIGER 미국AI반도체팹리스,2024/09/24,미래에셋자산운용,15.95,Mirae Asset US AI Fabless 지수(PR),보통
490090,TIGER 미국AI빅테크10,2024/08/27,미래에셋자산운용,10.83,KEDI 미국AI빅테크10 지수(PR),매우낮음
493810,TIGER 미국AI빅테크10타겟데일리커버드콜,2024/10/15,미래에셋자산운용,9.26,KEDI 미국AI빅테크10+15%데일리프리미엄 지수(TR),매우낮음
182480,TIGER 미국MSCI리츠(합성 H),2013/10/10,미래에셋자산운용,0.0,MSCI US REIT Index,낮음
360750,TIGER 미국S&P500,2020/08/07,미래에셋자산운용,7.12,S&P 500,매우낮음
448290,TIGER 미국S&P500(H),2022/11/25,미래에셋자산운용,5.12,S&P 500,낮음
488500,TIGER 미국S&P500동일가중,2024/07/23,미래에셋자산운용,5.98,S&P 500 Equal Weight Index(PR),낮음
225040,TIGER 미국S&P500레버리지(합성 H),2015/07/29,미래에셋자산운용,10.41,S&P 500,높음
429000,TIGER 미국S&P500배당귀족,2022/05/17,미래에셋자산운용,5.68,S&P 500 Dividend Aristocrats 지수 (Price Return),낮음
143850,TIGER 미국S&P500선물(H),2011/07/18,미래에셋자산운용,4.93,S&P 500 Futures Index(ER),낮음
225030,TIGER 미국S&P500선물인버스(H),2015/07/29,미래에셋자산운용,-5.03,S&P 500 Futures Total Return Index,낮음
482730,TIGER 미국S&P500타겟데일리커버드콜,2024/05/21,미래에셋자산운용,6.05,S&P500 10% Daily Premium Covered Call Index(TR),매우낮음
133690,TIGER 미국나스닥100,2010/10/18,미래에셋자산운용,8.0,NASDAQ 100,매우낮음
448300,TIGER 미국나스닥100(H),2022/11/25,미래에셋자산운용,5.96,NASDAQ 100,낮음
483240,TIGER 미국나스닥100ETF선물,2024/11/19,미래에셋자산운용,8.69,KRX 나스닥 100 ETF 선물지수,낮음
418660,TIGER 미국나스닥100레버리지(합성),2022/02/22,미래에셋자산운용,15.78,NASDAQ 100,보통
435420,TIGER 미국나스닥100채권혼합Fn,2022/07/06,미래에셋자산운용,2.4,FnGuide 나스닥100 채권혼합 지수(총수익 지수),매우낮음
441680,TIGER 미국나스닥100커버드콜(합성),2022/09/22,미래에셋자산운용,2.8,Cboe Nasdaq-100 BuyWrite V2 지수 (Total Return),매우낮음
486290,TIGER 미국나스닥100타겟데일리커버드콜,2024/06/25,미래에셋자산운용,6.1,NASDAQ 100 Daily Covered Call Target Premium 15% 지수(TR),매우낮음
429010,TIGER 미국나스닥넥스트100,2022/05/17,미래에셋자산운용,6.13,Nasdaq Next Generation 100 지수 (Price Return),낮음
203780,TIGER 미국나스닥바이오,2014/08/27,미래에셋자산운용,8.35,NASDAQ Biotechnology 지수(시장가격지수),보통
245340,TIGER 미국다우존스30,2016/07/01,미래에셋자산운용,7.07,Dow Jones Industrial Average,낮음
456610,TIGER 미국달러SOFR금리액티브(합성),2023/05/09,미래에셋자산운용,2.07,Solactive SOFR Daily Total Return Index,매우낮음
329750,TIGER 미국달러단기채권액티브,2019/07/24,미래에셋자산운용,2.16,KIS U.S. TREASURY BOND 0-1Y 지수(총수익),낮음
261110,TIGER 미국달러선물레버리지,2016/12/27,미래에셋자산운용,4.04,미국달러선물지수,보통
261120,TIGER 미국달러선물인버스2X,2016/12/27,미래에셋자산운용,-3.33,미국달러선물지수,보통
494840,TIGER 미국방산TOP10,2024/10/29,미래에셋자산운용,6.24,Mirae Asset US Defense Top 10 Index(PR),보통
458730,TIGER 미국배당다우존스,2023/06/20,미래에셋자산운용,4.05,Dow Jones U.S. Dividend 100 Price Return Index,낮음
0008S0,TIGER 미국배당다우존스타겟데일리커버드콜,2025/01/21,미래에셋자산운용,3.26,Dow Jones U.S. Dividend 100 10% Daily Premium Covered Call 지수,낮음
458750,TIGER 미국배당다우존스타겟커버드콜1호,2023/06/20,미래에셋자산운용,3.47,DowJones U.S. Dividend 100 3% Premium Covered Call 지수 (TR),낮음
458760,TIGER 미국배당다우존스타겟커버드콜2호,2023/06/20,미래에셋자산운용,2.37,DowJones U.S. Dividend 100 7% Premium Covered Call 지수 (TR),낮음
0015K0,TIGER 미국소비트렌드액티브,2025/02/18,미래에셋자산운용,5.62,Mirae Asset US Consumer Trend 지수 (PR),낮음
305080,TIGER 미국채10년선물,2018/08/30,미래에셋자산운용,1.8,S&P 10-Year U.S. Treasury Note Futures(ER),매우낮음
0046A0,TIGER 미국초단기(3개월이하)국채,2025/04/29,미래에셋자산운용,1.63,ICE 0-3 Month US Treasury Securities 지수,매우낮음
465670,TIGER 미국캐시카우100,2023/09/19,미래에셋자산운용,4.77,Global X U.S. Cash Flow Kings 100 Index(PR),보통
381170,TIGER 미국테크TOP10 INDXX,2021/04/09,미래에셋자산운용,10.23,Indxx US Tech Top 10 Index,매우낮음
472160,TIGER 미국테크TOP10 INDXX(H),2023/12/05,미래에셋자산운용,7.91,Indxx US Tech Top 10 Index,낮음
472170,TIGER 미국테크TOP10채권혼합,2023/12/05,미래에셋자산운용,4.53,FnGuide 미국테크TOP10 채권혼합지수,매우낮음
474220,TIGER 미국테크TOP10타겟커버드콜,2024/01/16,미래에셋자산운용,8.35,Bloomberg U.S. Tech Top10+10% Premium Covered Call Index,매우낮음
458260,TIGER 미국투자등급회사채액티브(H),2023/05/31,미래에셋자산운용,0.19,iBoxx USD Liquid Investment Grade Index(Price Return),매우낮음
497570,TIGER 미국필라델피아AI반도체나스닥,2024/11/26,미래에셋자산운용,14.46,PHLX US AI Semiconductor 지수 (PR),낮음
381180,TIGER 미국필라델피아반도체나스닥,2021/04/09,미래에셋자산운용,11.55,PHLX Semiconductor Sector Index,낮음
423920,TIGER 미국필라델피아반도체레버리지(합성),2022/04/19,미래에셋자산운용,24.12,PHLX Semiconductor Sector Index,높음
228810,TIGER 미디어컨텐츠,2015/10/07,미래에셋자산운용,-7.34,WISE 미디어컨텐츠 지수,매우높음
364970,TIGER 바이오TOP10,2020/10/07,미래에셋자산운용,13.78,KRX 바이오 TOP 10 지수,매우높음
091230,TIGER 반도체,2006/06/27,미래에셋자산운용,5.84,KRX 반도체,매우높음
488080,TIGER 반도체TOP10레버리지,2024/07/23,미래에셋자산운용,13.92,FnGuide 반도체TOP10 지수,매우높음
098560,TIGER 방송통신,2007/09/07,미래에셋자산운용,4.37,KRX 방송통신,보통
211560,TIGER 배당성장,2014/12/17,미래에셋자산운용,10.19,코스피 배당성장 50,매우높음
472150,TIGER 배당커버드콜액티브,2023/12/12,미래에셋자산운용,6.71,코스피 200 커버드콜 5% OTM,낮음
138520,TIGER 삼성그룹펀더멘털,2011/03/07,미래에셋자산운용,9.88,MKF SAMs FW,높음
157490,TIGER 소프트웨어,2012/05/16,미래에셋자산운용,0.72,FnGuide 소프트웨어 지수,매우높음
0000D0,TIGER 엔비디아미국채커버드콜밸런스(합성),2024/12/17,미래에셋자산운용,6.79,KEDI 엔비디아미국채30년타겟커버드콜혼합지수(TR),낮음
228800,TIGER 여행레저,2015/10/07,미래에셋자산운용,7.83,WISE 여행레저 지수,높음
227570,TIGER 우량가치,2015/09/23,미래에셋자산운용,10.47,FnGuide 퀄리티밸류 지수,높음
438330,TIGER 우량회사채액티브,2022/08/23,미래에셋자산운용,0.32,KIS 투자등급회사채 지수(총수익),매우낮음
261140,TIGER 우선주,2017/01/06,미래에셋자산운용,7.55,코스피 우선주 지수,매우높음
130680,TIGER 원유선물Enhanced(H),2010/08/02,미래에셋자산운용,-7.05,S&P GSCI Crude Oil Enhanced Index ER,매우높음
217770,TIGER 원유선물인버스(H),2015/04/29,미래에셋자산운용,5.32,S&P GSCI Crude Oil Index ER,매우높음
195930,TIGER 유로스탁스50(합성 H),2014/04/30,미래에셋자산운용,3.12,EURO STOXX 50 Index,낮음
225050,TIGER 유로스탁스레버리지(합성 H),2015/07/29,미래에셋자산운용,2.81,EURO STOXX 50 Index,매우높음
245350,TIGER 유로스탁스배당30,2016/07/01,미래에셋자산운용,7.34,Euro STOXX Select Dividend 30,낮음
091220,TIGER 은행,2006/06/27,미래에셋자산운용,14.2,KRX 은행,매우높음
466940,TIGER 은행고배당플러스TOP10,2023/10/17,미래에셋자산운용,15.36,FnGuide 은행고배당플러스TOP10 지수(시장가격 지수),매우높음
307510,TIGER 의료기기,2018/11/08,미래에셋자산운용,5.92,FnGuide 의료기기 지수,높음
225060,TIGER 이머징마켓MSCI레버리지(합성 H),2015/07/29,미래에셋자산운용,7.55,MSCI EM Index,높음
453870,TIGER 인도니프티50,2023/04/14,미래에셋자산운용,2.74,Nifty 50 Index,매우낮음
236350,TIGER 인도니프티50레버리지(합성),2016/05/13,미래에셋자산운용,5.09,Nifty 50 Index,낮음
479730,TIGER 인도빌리언컨슈머,2024/05/14,미래에셋자산운용,5.6,Mirae Asset India Billion Consumer 지수(PR),낮음
123310,TIGER 인버스,2010/03/29,미래에셋자산운용,-7.36,코스피 200 선물지수,보통
365000,TIGER 인터넷TOP10,2020/10/07,미래에셋자산운용,2.08,KRX 인터넷 TOP 10 지수,매우높음
195920,TIGER 일본TOPIX(합성 H),2014/04/30,미래에셋자산운용,1.26,TOPIX,낮음
241180,TIGER 일본니케이225,2016/03/31,미래에셋자산운용,1.72,Nikkei 225,낮음
465660,TIGER 일본반도체FACTSET,2023/09/19,미래에셋자산운용,7.3,FactSet Japan Semiconductor Index(PR),높음
292560,TIGER 일본엔선물,2018/04/17,미래에셋자산운용,-1.01,엔선물지수,매우낮음
494670,TIGER 조선TOP10,2024/10/22,미래에셋자산운용,-6.7,iSelect 조선TOP10 Index(PR),매우높음
451540,TIGER 종합채권(AA-이상)액티브,2023/02/01,미래에셋자산운용,0.29,KIS 종합채권 AA-이상 총수익 지수(Total return Index),매우낮음
150460,TIGER 중국소비테마,2011/12/16,미래에셋자산운용,8.43,FnGuide 중국내수테마 지수,높음
302190,TIGER 중장기국채,2018/07/20,미래에셋자산운용,0.19,KIS 국채 3-10년 지수(시장가격지수),매우낮음
157500,TIGER 증권,2012/05/16,미래에셋자산운용,10.29,FnGuide 증권 지수,매우높음
307520,TIGER 지주회사,2018/11/08,미래에셋자산운용,7.13,FnGuide 지주회사 지수,매우높음
0067Y0,TIGER 차이나AI소프트웨어,2025/06/17,미래에셋자산운용,8.35,"Mirae Asset China AI Software 지수 (Price Return, HKD)",높음
192090,TIGER 차이나CSI300,2014/02/17,미래에셋자산운용,7.29,CSI 300 Index,낮음
204480,TIGER 차이나CSI300레버리지(합성),2014/09/01,미래에셋자산운용,13.21,CSI 300 Index,보통
217780,TIGER 차이나CSI300인버스(합성),2015/06/10,미래에셋자산운용,-6.06,CSI 300 Index,낮음
245360,TIGER 차이나HSCEI,2016/06/16,미래에셋자산운용,6.75,Hang Seng China H,보통
414780,TIGER 차이나과창판STAR50(합성),2022/01/13,미래에셋자산운용,5.76,STAR 50 Index(Price Return),보통
0067V0,TIGER 차이나글로벌리더스TOP3+,2025/06/17,미래에셋자산운용,3.13,"Solactive-KEDI 차이나글로벌리더스TOP3플러스 지수 (Price Return, CNH)",높음
371470,TIGER 차이나바이오테크SOLACTIVE,2020/12/08,미래에셋자산운용,19.94,Solactive China Biotech Index(PR),매우높음
396520,TIGER 차이나반도체FACTSET,2021/08/10,미래에셋자산운용,6.46,FactSet China Semiconductor 지수(PR),낮음
371460,TIGER 차이나전기차SOLACTIVE,2020/12/08,미래에셋자산운용,7.01,Solactive China Electric Vehicle and Battery Index(PR),보통
456680,TIGER 차이나전기차레버리지(합성),2023/05/09,미래에셋자산운용,14.37,Solactive China Electric Vehicle and Battery Index(PR),매우높음
396510,TIGER 차이나클린에너지SOLACTIVE,2021/08/10,미래에셋자산운용,7.88,Solactive China Clean Energy 지수(PR),보통
0047A0,TIGER 차이나테크TOP10,2025/05/13,미래에셋자산운용,7.1,Mirae Asset China Tech Top 10 지수 (Price Return),보통
117690,TIGER 차이나항셍30,2009/10/21,미래에셋자산운용,7.33,Hang Seng China (Hong Kong-listed) 30 Index,보통
371160,TIGER 차이나항셍테크,2020/12/16,미래에셋자산운용,7.42,Hang Seng TECH Index,높음
438320,TIGER 차이나항셍테크레버리지(합성 H),2022/08/23,미래에셋자산운용,9.29,Hang Seng TECH Index,매우높음
0053L0,TIGER 차이나휴머노이드로봇,2025/05/27,미래에셋자산운용,8.65,Mirae Asset China Humanoid Robot 지수(PR),높음
0052D0,TIGER 코리아배당다우존스,2025/05/20,미래에셋자산운용,11.41,Dow Jones Korea Dividend 30 지수 (Price Return),높음
496080,TIGER 코리아밸류업,2024/11/04,미래에셋자산운용,7.0,코리아 밸류업 지수,보통
471780,TIGER 코리아테크액티브,2023/11/28,미래에셋자산운용,13.85,KRX 정보기술,매우높음
232080,TIGER 코스닥150,2015/11/12,미래에셋자산운용,9.46,코스닥 150,보통
233160,TIGER 코스닥150 레버리지,2015/12/17,미래에셋자산운용,19.06,코스닥 150,매우높음
261060,TIGER 코스닥150IT,2016/12/15,미래에셋자산운용,1.71,코스닥 150 정보기술,높음
261070,TIGER 코스닥150바이오테크,2016/12/15,미래에셋자산운용,17.36,코스닥 150 헬스케어,매우높음
250780,TIGER 코스닥150선물인버스,2016/08/10,미래에셋자산운용,-8.98,F-코스닥150 지수,보통
461580,TIGER 코스닥글로벌,2023/06/29,미래에셋자산운용,13.76,코스닥 글로벌 지수,높음
277630,TIGER 코스피,2017/08/31,미래에셋자산운용,7.4,코스피,보통
210780,TIGER 코스피고배당,2014/12/05,미래에셋자산운용,11.82,코스피 고배당 50,높음
277640,TIGER 코스피대형주,2017/08/31,미래에셋자산운용,7.41,코스피 대형주,보통
277650,TIGER 코스피중형주,2017/08/31,미래에셋자산운용,8.13,코스피 중형주,보통
376410,TIGER 탄소효율그린뉴딜,2021/02/05,미래에셋자산운용,7.75,KRX/S&P 탄소효율 그린뉴딜지수,보통
447770,TIGER 테슬라채권혼합Fn,2022/11/29,미래에셋자산운용,1.07,FnGuide 테슬라채권혼합 지수,높음
0060H0,TIGER 토탈월드스탁액티브,2025/06/24,미래에셋자산운용,,FTSE Global All Cap Index(PR),매우낮음
387280,TIGER 퓨처모빌리티액티브,2021/05/25,미래에셋자산운용,3.75,FnGuide 퓨처모빌리티 지수,보통
449690,TIGER 한중반도체(합성),2022/12/22,미래에셋자산운용,6.34,KRX CSI 한·중 반도체지수,높음
449680,TIGER 한중전기차(합성),2022/12/22,미래에셋자산운용,7.4,KRX CSI 한·중 전기차지수,높음
143860,TIGER 헬스케어,2011/07/18,미래에셋자산운용,13.38,KRX 헬스케어,높음
138540,TIGER 현대차그룹+펀더멘털,2011/03/10,미래에셋자산운용,3.01,MKF 현대차그룹+ FW,높음
228790,TIGER 화장품,2015/10/07,미래에셋자산운용,5.08,WISE 화장품 지수,매우높음
441800,TIMEFOLIO Korea플러스배당액티브,2022/09/27,타임폴리오자산운용,6.9,코스피 200,매우높음
463050,TIMEFOLIO K바이오액티브,2023/08/17,타임폴리오자산운용,15.26,KRX 헬스케어,매우높음
404120,TIMEFOLIO K신재생에너지액티브,2021/10/29,타임폴리오자산운용,2.81,KRX 기후변화 솔루션지수,높음
385710,TIMEFOLIO K이노베이션액티브,2021/05/25,타임폴리오자산운용,2.64,KRX BBIG 지수,매우높음
410870,TIMEFOLIO K컬처액티브,2021/12/15,타임폴리오자산운용,0.31,FnGuide K-컬처 지수,매우높음
456600,TIMEFOLIO 글로벌AI인공지능액티브,2023/05/16,타임폴리오자산운용,10.97,Solactive Global Artificial Intelligence 지수,높음
494180,TIMEFOLIO 글로벌소비트렌드액티브,2024/10/29,타임폴리오자산운용,6.88,Solactive 뉴에이지컨수머지수,보통
485810,TIMEFOLIO 글로벌안티에이징바이오액티브,2024/07/02,타임폴리오자산운용,3.21,KEDI 글로벌 불로장생바이오 지수(원화환산),보통
478150,TIMEFOLIO 글로벌우주테크&방산액티브,2024/04/23,타임폴리오자산운용,12.27,Solactive Aerospace and Defense USD Index PR,보통
426020,TIMEFOLIO 미국S&P500액티브,2022/05/11,타임폴리오자산운용,11.71,S&P 500,낮음
426030,TIMEFOLIO 미국나스닥100액티브,2022/05/11,타임폴리오자산운용,19.55,NASDAQ 100,높음
0019K0,TIMEFOLIO 미국나스닥100채권혼합50액티브,2025/03/25,타임폴리오자산운용,7.21,FnGuide 미국나스닥100 단기채권혼합 지수,매우낮음
0036D0,TIMEFOLIO 미국배당다우존스액티브,2025/04/29,타임폴리오자산운용,4.52,Dow Jones U.S. Dividend 100 Price Return Index,매우낮음
0043Y0,TIMEFOLIO 차이나AI테크액티브,2025/05/13,타임폴리오자산운용,12.28,Solactive China Artificial Intelligence 지수(원화환산)(PR),보통
495060,TIMEFOLIO 코리아밸류업액티브,2024/11/04,타임폴리오자산운용,6.98,코리아 밸류업 지수,매우높음
385720,TIMEFOLIO 코스피액티브,2021/05/25,타임폴리오자산운용,2.84,코스피,보통
108590,TREX 200,2009/01/23,유리에셋,8.29,코스피 200,보통
145850,TREX 펀더멘탈 200,2011/09/23,유리에셋,9.93,FnGuide-RAFI 코리아200 지수,보통
472720,TRUSTON 주주가치액티브,2023/12/14,트러스톤자산운용,6.83,코스피 200,높음
496130,TRUSTON 코리아밸류업액티브,2024/11/04,트러스톤자산운용,8.94,코리아 밸류업 지수,높음
433250,UNICORN R&D 액티브,2022/07/06,현대자산운용,5.17,코스피 200,보통
494220,UNICORN SK하이닉스밸류체인액티브,2024/11/07,현대자산운용,4.21,FnGuide SK하이닉스밸류체인 지수,매우높음
470310,UNICORN 생성형AI강소기업액티브,2023/11/21,현대자산운용,5.47,iSelect AI 지수,매우높음
476000,UNICORN 포스트IPO액티브,2024/02/27,현대자산운용,10.92,iSelect 포스트 IPO 지수,높음
422260,VITA MZ소비액티브,2022/03/29,한국투자밸류자산운용,-17.22,FnGuide MZ 소비 지수,매우높음
452440,VITA 밸류알파액티브,2023/02/21,한국투자밸류자산운용,8.16,FnGuide 밸류알파지수,보통
448100,WON 200,2022/12/16,우리자산운용,8.15,코스피 200,보통
468820,WON 25-09 회사채(AA-이상)액티브,2023/10/19,우리자산운용,0.24,KAP 25-09 회사채 총수익 지수(AA-이상),매우낮음
413930,WON AI ESG액티브,2022/01/05,우리자산운용,7.92,MK-iSelect AI ESG 지수(시장가격지수),보통
458030,WON 단기국공채액티브,2023/05/31,우리자산운용,0.24,KAP 단기 국공채 총수익 지수,매우낮음
426150,WON 대한민국국고채액티브,2022/05/11,우리자산운용,-0.14,KAP 한국 국고채 총수익 지수,매우낮음
444490,WON 미국S&P500,2022/10/06,우리자산운용,6.93,S&P 500,매우낮음
489290,WON 미국빌리어네어,2024/09/03,우리자산운용,8.19,Bloomberg US Billionaires Investment Select Index(PR),매우낮음
440910,WON 미국우주항공방산,2022/08/26,우리자산운용,15.2,S&P Aerospace & Defense Select Industry Index(PR),높음
474590,WON 반도체밸류체인액티브,2024/01/16,우리자산운용,9.49,FnGuide 반도체 밸류체인 (Price Return) 지수,매우높음
496020,WON 전단채플러스액티브,2024/11/19,우리자산운용,0.26,KIS 전단채플러스 TR 지수,매우낮음
488720,WON 종합채권(AA-이상)액티브,2024/08/06,우리자산운용,0.32,KIS 종합채권시장 총수익지수(AA-이상),매우낮음
480460,WON 한국부동산TOP3플러스,2024/04/30,우리자산운용,1.19,DeepSearch 한국부동산TOP3플러스 지수,매우낮음
488290,마이다스 일본테크액티브,2024/08/06,마이다스에셋,3.27,Solactive Japan Tech Top 30 지수(PR),낮음
438740,마이다스 중소형액티브,2022/08/17,마이다스에셋,7.38,코스피 중형주,보통
403790,마이다스 코스피액티브,2021/10/13,마이다스에셋,8.66,코스피,보통
465780,마이티 26-09 특수채(AAA)액티브,2023/09/21,디비자산운용,0.28,KAP 26-09 특수채 지수(총수익),매우낮음
442260,마이티 다이나믹퀀트액티브,2022/10/25,디비자산운용,8.09,코스피 200,보통
0001P0,마이티 바이오시밀러&CDMO액티브,2024/12/24,디비자산운용,7.54,FnGuide 바이오시밀러&CDMO 지수,높음
159800,마이티 코스피100,2012/07/05,디비자산운용,8.27,코스피 100,보통
0007N0,아이엠에셋 200,2025/02/11,아이엠에셋자산운용,7.93,코스피 200,보통
462340,에셋플러스 글로벌다이나믹시니어액티브,2023/07/25,에셋플러스자산운용,8.77,S&P 500,낮음
433220,에셋플러스 글로벌대장장이액티브,2022/06/28,에셋플러스자산운용,9.45,S&P 500,낮음
451150,에셋플러스 글로벌영에이지액티브,2023/01/31,에셋플러스자산운용,11.55,S&P 500,보통
477490,에셋플러스 글로벌일등기업포커스10액티브,2024/03/19,에셋플러스자산운용,10.05,MSCI World,낮음
407830,에셋플러스 글로벌플랫폼액티브,2021/11/16,에셋플러스자산운용,10.38,S&P 500,보통
0002C0,에셋플러스 인도일등기업포커스20액티브,2025/02/25,에셋플러스자산운용,3.6,MSCI India IMI Index(PR),보통
474920,에셋플러스 차이나일등기업포커스10액티브,2024/01/16,에셋플러스자산운용,9.87,"MSCI China Index(USD, Price Return)",보통
442090,에셋플러스 코리아대장장이액티브,2022/09/20,에셋플러스자산운용,7.31,FnGuide 대장장이 지수(Price Return),높음
407820,에셋플러스 코리아플랫폼액티브,2021/11/16,에셋플러스자산운용,3.58,FnGuide 플랫폼 지수(Price Return),높음
152870,파워 200,2012/02/13,교보악사자산운용,8.44,코스피 200,보통
491510,파워 K-주주가치액티브,2024/09/24,교보악사자산운용,10.07,FnGuide K-주주가치 지수,높음
192720,파워 고배당저변동성,2014/02/20,교보악사자산운용,9.93,코스피 200 고배당지수,높음
498180,파워 종합채권(AA-이상)액티브,2024/11/26,교보악사자산운용,0.22,"KIS 한국종합채권지수(AA-이상, 총수익)",매우낮음
140950,파워 코스피100,2011/05/03,교보악사자산운용,8.46,코스피 100,보통
